OBJECTID,CECPlantID,PlantName,Retired Plant,Operator Company,County,Capacity_Latest,Units,PriEnergySource,StartDate,CEC_Jurisdictional,x,y
3866,S0335,Corcoran 2 Solar LLC CED,0,RWE Clean Energy,Kings,19.8,1,SUN,6/10/2015 12:00:00 AM,0,-119.567892971,36.137169611
3867,S0520,Corcoran 3 Solar,0,RWE Clean Energy,Kings,20,Unit 1,SUN,2/11/2016 12:00:00 AM,0,-119.579712248,36.144318942
3868,C0007,Hanford - Retired October 2011,1,Hanford LP,Kings,0,GEN 1,PC,9/1/1990 12:00:00 AM,0,-119.648391474,36.2696401320001
3869,G0832,Hanford Energy Park Peaker,0,"MRP San Joaquin Energy, LLC",Kings,92,"1, 2",NG,9/1/2001 12:00:00 AM,1,-119.647437264,36.270308115
3870,S0608,Exeter Solar,0,Altus Power,Tulare,3.5,ES,SUN,2/12/2014 12:00:00 AM,0,-119.128325036,36.2662977900001
3871,S0609,Lindsay Solar,0,Altus Power,Tulare,4,LS,SUN,1/15/2014 12:00:00 AM,0,-119.133999715,36.211778205
3872,S9325,ImModo California 1 LLC_(East Orosi 1),0,Not Available,Tulare,1.5,Unit 1,SUN,12/31/2013 12:00:00 AM,0,-119.039943647,36.1037174300001
3873,S9326,ImModo California 1 LLC_(East Orosi 2),0,Not Available,Tulare,1.5,Unit 1,SUN,12/31/2013 12:00:00 AM,0,-119.038789671,36.1016196
3874,S9327,ImModo California 1 LLC_(East Orosi 3),0,Not Available,Tulare,1.5,Unit 1,SUN,12/31/2013 12:00:00 AM,0,-119.037347202,36.0997336240001
3875,S0151,Porterville Solar,0,Tulare PV I LLC,Tulare,3.5,PS,SUN,1/13/2014 12:00:00 AM,0,-119.03967096,36.1027803650001
3876,S0518,Sequoia PV3,0,CD Arevon USA Inc.,Tulare,3,Porterville6&7,SUN,8/1/2014 12:00:00 AM,0,-119.036763845,36.0988212250001
3877,H0525,Tule River,0,Southern California Edison (SCE),Tulare,2.52,"1, 2",WAT,9/1/1909 12:00:00 AM,0,-118.788821491,36.1356899370001
3878,H0523,Tule,0,Pacific Gas & Electric (PG&E),Tulare,8.5,"1, 2",WAT,1/1/1914 12:00:00 AM,0,-118.707093898,36.1630755570001
3879,H0216,Haiwee,0,Los Angeles Department of Water & Power (LADWP),Inyo,6.4,"Unit 1, Unit 2",WAT,7/1/1927 12:00:00 AM,0,-117.956825682,36.109953897
3880,S9163,CA Dept of Correctionns Salinas (SVSP),0,Not Available,Monterey,2,1,SUN,1/1/2013 12:00:00 AM,0,-121.369453077,36.4722828210001
3881,E0089,Soledad Energy - Retired Jan 2006,1,Soledad Energy LLC,Monterey,0,BBC 13.4,WDS,7/15/2000 12:00:00 AM,0,-121.315596887,36.416288643
3882,G0107,Taft 26C Cogeneration Plant,0,Chevron North America Exploration and Production,Kern,12.48,"TG1, TG2, TG3, TG4",NG,7/1/1982 12:00:00 AM,0,-119.475416334,35.115683184
3883,W0455,City of Soledad,0,See WPRS for details,Monterey,1,WPRS 1,WND,12/31/1989 12:00:00 AM,0,-121.340141107,36.4209101000001
3884,S0176,Cantua Solar Station,0,Pacific Gas & Electric (PG&E),Fresno,20,1,SUN,6/19/2012 12:00:00 AM,0,-120.342306547,36.4234282940001
3885,S0412,Maricopa West Solar PV,0,Onward Energy,Kern,20,1,SUN,12/30/2015 12:00:00 AM,0,-119.327504921,35.1141877430001
3886,S0458,Buford Five Points Solar Park (Excelsior),0,Clenera - Renewable Energy,Fresno,60,W5015,SUN,8/23/2016 12:00:00 AM,0,-120.242765264,36.396683244
3887,G0368,Berry Cogen Midway-Sunset 18MW,0,Solar Asset Management Services,Kern,27.6,"1, 2, Cogen 42",NG,12/1/1986 12:00:00 AM,0,-119.443595143,35.093123586
3888,S0138,Westside Solar Station,0,Pacific Gas & Electric (PG&E),Fresno,20,Unit 1,SUN,8/31/2010 12:00:00 AM,0,-120.125500599,36.377686243
3889,G0429,Chalk Cliff Cogen,0,WCAC Operating Company,Kern,47,LM5000,NG,3/20/1990 12:00:00 AM,0,-119.429915638,35.0968189720001
3890,G0638,Berry Cogen Midway-Sunset 38MW,0,Solar Asset Management Services,Kern,37.2,Cogen 18,NG,12/1/1986 12:00:00 AM,0,-119.440907672,35.0897635270001
3891,S0606,Algonquin Power SKIC 10 Solar LLC,0,Clearlight Energy,Kern,10,Unit 1,SUN,1/11/2017 12:00:00 AM,0,-119.247475039,35.1241584260001
3892,S0308,Adobe Solar,0,Southern Power Company,Kern,20,1,SUN,5/1/2014 12:00:00 AM,0,-118.952082595,35.1058738510001
3893,S9036,Services  Inc. #345 Ikea Distribution,0,Not Available,Kern,1,1,SUN,1/1/2012 12:00:00 AM,0,-118.94802311,34.975382257
3894,S9194,Fotowatio Renewable Ventures,0,Not Available,Kern,12,Unit 1,SUN,12/31/2013 12:00:00 AM,0,-118.956904582,35.1058408970001
3895,G0797,Pastoria Energy Facility,0,Calpine Operating Services Company Inc,Kern,778,"PA1CT1, PA1CT2, PA1ST3, PA2CT4, PA2ST5",NG,5/4/2005 12:00:00 AM,1,-118.84390061,34.9560698110001
3896,S0374,Soledad,0,Not Available,Kern,1,1,SUN,12/30/2013 12:00:00 AM,0,-118.564862117,35.117013646
3897,S0375,CA Correctional Institution - Tahachapi,0,Silicon Ranch Corporation,Kern,0.99,1,SUN,2/22/2012 12:00:00 AM,0,-118.56403549,35.115898369
3898,S0376,CA Correctional Institution II - Tehachapi,0,Silicon Ranch Corporation,Kern,1.33,1,SUN,6/24/2013 12:00:00 AM,0,-118.57079809,35.118137329
3899,S0081,Catalina Solar Phase I and II,0,EDF Renewable Energy Inc,Kern,110,1,SUN,12/15/2012 12:00:00 AM,0,-118.337937513,34.934376151
3900,W0262,Windland Inc Boxcar I (retired 3/20/2020),1,See WPRS for details,Kern,0,WPRS 1,WND,12/29/1982 12:00:00 AM,0,-118.360219495,35.05358274
3901,W0271,Wind Stream Operations 6039 (Zond Systems  Inc - 6039),0,Not Available,Kern,6.34,WPRS 1,WND,2/1/1984 12:00:00 AM,0,-118.382582293,35.0687442820001
3902,W0272,Wind Stream Operations 6040 (Zond Systems  Inc - 6040),0,Not Available,Kern,6.66,WPRS 1,WND,9/1/1984 12:00:00 AM,0,-118.384337715,35.070501805
3903,W0273,Wind Stream Operations 6041 (Zond Systems  Inc - 6041),0,Not Available,Kern,4.5,WPRS 1,WND,12/1/1984 12:00:00 AM,0,-118.377632748,35.074019397
3904,W0274,Wind Stream Operations 6042 (Zond Systems  Inc - 6042),0,Not Available,Kern,6.34,WPRS 1,WND,1/1/1982 12:00:00 AM,0,-118.368459472,35.10614049
3905,W0275,85A (Zond Systems  Inc - 6043) (retired 12/31/2019),1,Not Available,Kern,0,WPRS 1,WND,1/1/1985 12:00:00 AM,0,-118.338871222,35.102474525
3906,W0276,85B (Zond Systems  Inc - 6044) (retired 12/31/2019),1,Not Available,Kern,0,WPRS 1,WND,1/1/1985 12:00:00 AM,0,-118.333691992,35.101697938
3907,W0284,Wind Resource I (Calwind Wind Resource I),0,CalWind Resources Inc,Kern,8.71,WPRS 1,WND,3/24/2012 12:00:00 AM,0,-118.391447406,35.059656874
3908,W0301,Windland Inc Boxcar II (retired 3/20/2020),1,See WPRS for details,Kern,0,WPRS 1,WND,1/1/1982 12:00:00 AM,0,-118.357582968,35.047217393
3909,W0304,Victory Gardens IV (6103) (retired 1/31/2020),1,Not Available,Kern,0,WPRS 1,WND,1/1/1985 12:00:00 AM,0,-118.384653956,35.066226898
3910,W0306,Terra-Gen 251 Wind (Zond Monolith X) (retired 12/3/2020),1,Not Available,Kern,0,WPRS 1,WND,1/1/1985 12:00:00 AM,0,-118.355972442,35.092535787
3911,W0310,Wind Stream Operations 6111 (AES Tehachapi Wind - Zond Systems  Inc - Northwind),0,Not Available,Kern,6.32,WPRS 1,WND,1/1/1982 12:00:00 AM,0,-118.384743571,35.08652313
3912,W0370,Alta I Wind Energy Center,0,Terra-Gen Operating Company,Kern,150,WPRS 1,WND,12/29/2010 12:00:00 AM,0,-118.369035137,35.0379581400001
3913,W0419,"Windstar Energy, LLC",0,Windstar Energy LLC,Kern,120,WPRS 1,WND,1/1/2013 12:00:00 AM,0,-118.363991341,35.057984635
3914,W0420,Manzana Wind,0,See WPRS for details,Kern,189,WPRS 1,WND,1/28/2012 12:00:00 AM,0,-118.46783241,34.9443262350001
3915,W0442,Alta XI Wind Energy Center,0,See WPRS for details,Kern,89.65,WPRS 1,WND,12/31/1989 12:00:00 AM,0,-118.392099398,35.06712422
3916,W0445,Coram Tehachapi LP (Retired 10/15/2023),1,See WPRS for details,Kern,0,WPRS 1,WND,12/1/1983 12:00:00 AM,0,-118.331892171,35.071372141
3917,W0449,Terra-Gen VG Wind,0,See WPRS for details,Kern,7.41,WPRS 1,WND,1/1/1982 12:00:00 AM,0,-118.383602409,35.098238983
3918,W0266,CTV Management Group - 6029 - Merged with W0463 - 12/31/2015,1,See WPRS for details,Kern,0,WPRS 1,WND,6/3/2014 12:00:00 AM,0,-118.34188171,35.058009041
3919,W0280,CTV Management Group - Merged with W0463 - 12/31/2015,1,See WPRS for details,Kern,0,WPRS 1,WND,1/1/1982 12:00:00 AM,0,-118.34188171,35.058009041
3920,W0285,Windridge Project (Retired 5/31/2015),1,Aero Energy LLC,Kern,0,WPRS 1,WND,1/1/1982 12:00:00 AM,0,-118.3476996,35.057488865
3921,W0294,CTV Management Group - 6089 - Merged with W0263 - 12/31/2015,1,Coram Energy Group Ltd,Kern,0,WPRS 1,WND,1/1/1982 12:00:00 AM,0,-118.375127399,35.077550651
3922,W0429,Helzel & Schwarzhoff 88 (Decommissioned 3/31/2016),1,See WPRS for details,Kern,0,WPRS 1,WND,12/24/1983 12:00:00 AM,0,-118.394100022,35.0905564810001
3923,W0463,Coram Energy LLC,0,See WPRS for details,Kern,15,WPRS 1,WND,1/1/2016 12:00:00 AM,0,-118.341826478,35.058021898
3924,W0481,Point Wind,0,"Terra-Gen, LLC",Kern,64.5,WPRS 1,WND,3/8/2021 12:00:00 AM,0,-118.364728704,35.086437039
3925,S0278,RE Rio Grande,0,MN8 Energy,Kern,5,1,SUN,11/18/2013 12:00:00 AM,0,-118.163942178,35.0492337060001
3926,S0294,RE Columbia 3,0,MN8 Energy,Kern,10,1,SUN,12/1/2013 12:00:00 AM,0,-118.172090555,35.0200164940001
3927,S0313,Camelot  LLC,0,Onward Energy,Kern,45,1,SUN,11/26/2014 12:00:00 AM,0,-118.182327349,35.014158949
3928,S0314,Columbia Two  LLC,0,Onward Energy,Kern,15,1,SUN,11/26/2014 12:00:00 AM,0,-118.183612627,35.0196082200001
3929,S0550,SEPV Mojave West,0,S-Power (Sustainable Power Group),Kern,20,Unit 1,SUN,6/15/2015 12:00:00 AM,0,-118.278226586,35.02441951
3930,W0259,Mogul Energy (retired 2018Q1),1,See WPRS for details,Kern,0,WPRS 1,WND,6/24/1982 12:00:00 AM,0,-118.278923959,35.0432894670001
3931,W0265,Ridgetop Energy II (Cannon Energy Corp),0,Ridgetop Energy LLC,Kern,46.86,WPRS 1,WND,12/31/1983 12:00:00 AM,0,-118.318351509,35.070460295
3932,W0270,Terra-Gen Mojave Windfarms (TPC Wind Farms - Tehachapi Power Purchase Trust),0,FPL Energy Operating Services Inc,Kern,28.28,WPRS 1,WND,1/1/1982 12:00:00 AM,0,-118.262764785,35.044955643
3933,W0297,Ridgetop Energy (Cannon Energy Corp - 6092),0,Ridgetop Energy LLC,Kern,28.5,WPRS 1,WND,1/1/1982 12:00:00 AM,0,-118.313887853,35.0706642800001
3934,W0312,Mojave 3 (Mojave 3-4-5 (Desertwind II PPC Trust) - 6113),1,FPL Energy Operating Services Inc,Kern,0,WPRS 1,WND,1/1/1985 12:00:00 AM,0,-118.267783717,35.066285282
3935,W0313,"Mojave 16, 17, 18 (Mojave 16-17-18  (Desertwind III PPC Trust) - 6063-6114)",0,FPL Energy Operating Services LLC,Kern,83.55,WPRS 1,WND,1/1/1985 12:00:00 AM,0,-118.265040259,35.051381464
3936,W0319,Oak Creek Wind Power,0,See WPRS for details,Kern,31.5,WPRS 1,WND,2/7/2014 12:00:00 AM,0,-118.270893393,35.048448991
3937,W0320,Wind Resource II (Calwind),0,CalWind Resources Inc,Kern,19.96,WPRS 1,WND,5/17/2013 12:00:00 AM,0,-118.306775377,35.1047734630001
3938,W0372,Alta II Wind Energy Center,0,Terra-Gen Operating Company,Kern,150,WPRS 1,WND,12/29/2010 12:00:00 AM,0,-118.308529093,35.0151854850001
3939,W0374,Difwind Farms Ltd VI,0,See WPRS for details,Kern,23,WPRS 1,WND,1/1/1983 12:00:00 AM,0,-118.216118332,35.0602865020001
3940,W0385,"Oasis Power Partners, LLC",0,Oasis Power Partners LLC,Kern,60,WPRS 1,WND,1/27/2009 12:00:00 AM,0,-118.295231777,35.059230567
3941,W0387,Alta III Wind Energy Center,0,Terra-Gen Operating Company,Kern,150,WPRS 1,WND,1/1/1984 12:00:00 AM,0,-118.297784557,35.0135445920001
3942,W0388,Alta IV Wind Energy Center,0,Terra-Gen Operating Company,Kern,102,WPRS 1,WND,3/12/2011 12:00:00 AM,0,-118.256013726,35.0062004110001
3943,W0389,Alta V Wind Energy Center,0,Terra-Gen Operating Company,Kern,168,WPRS 1,WND,4/21/2011 12:00:00 AM,0,-118.237641928,35.000791674
3944,W0393,"Alta Wind VIII, LLC",0,Alta Wind VIII LLC,Kern,150,WPRS 1,WND,2/1/2012 12:00:00 AM,0,-118.241637009,35.030570314
3945,W0406,Mustang Hills LLC (Alta Wind VI Energy Center),0,EverPower Wind Holdings Inc,Kern,150,WPRS 1,WND,3/17/2012 12:00:00 AM,0,-118.317564486,35.051070769
3946,W0407,Cameron Ridge,0,Terra-Gen Operating Company,Kern,59.67,WPRS 1,WND,12/10/2014 12:00:00 AM,0,-118.321975169,35.0757699280001
3947,W0408,"Coram California Development, LP",0,Coram California Development LP,Kern,102,WPRS 1,WND,3/29/2012 12:00:00 AM,0,-118.248018109,35.015246405
3948,W0415,Pinyon Pines Winds I,0,Terra-Gen Operating Company,Kern,168,WPRS 1,WND,12/7/2012 12:00:00 AM,0,-118.214366669,35.0397321200001
3949,W0416,Pinyon Pines Winds II,0,Terra-Gen Operating Company,Kern,132,WPRS 1,WND,1/1/2013 12:00:00 AM,0,-118.2096138,35.0190649
3950,W0438,Rising Tree Wind Farm III,0,See WPRS for details,Kern,99,WPRS 1,WND,5/15/2015 12:00:00 AM,0,-118.241395883,35.05325399
3951,W0441,Alta X Wind Energy Center,0,See WPRS for details,Kern,136.8,WPRS 1,WND,12/31/1989 12:00:00 AM,0,-118.213370643,35.0699857130001
3952,W0443,Mojave 4 (retired 12/31/2020),1,See WPRS for details,Kern,0,WPRS 1,WND,1/1/1985 12:00:00 AM,0,-118.280176147,35.050089647
3953,W0444,Mojave 5 (retired 12/31/2020),1,See WPRS for details,Kern,0,WPRS 1,WND,2/21/2011 12:00:00 AM,0,-118.285312611,35.0504435030001
3954,W0376,Difwind VIII - Retired 8/14/2014,1,See WPRS for details,Kern,0,WPRS 1,WND,1/1/1987 12:00:00 AM,0,-118.286471691,35.0896915160001
3955,W0458,Rising Tree Wind Farm I,0,See WPRS for details,Kern,79.2,WPRS 1,WND,12/31/1989 12:00:00 AM,0,-118.22079127,35.077764675
3956,W0459,Rising Tree Wind Farm II,0,See WPRS for details,Kern,19.8,WPRS 1,WND,12/31/1989 12:00:00 AM,0,-118.207473399,35.094018786
3957,W0471,"Voyager Wind II, LLC",0,Not Available,Kern,128.7,WPRS 1,WND,11/7/2018 12:00:00 AM,0,-118.276189602,35.0496676010001
3958,W0472,"Voyager Wind III, LLC",0,Not Available,Kern,43.2,WPRS 1,WND,12/23/2018 12:00:00 AM,0,-118.275886136,35.047964037
3959,W0473,"Voyager Wind IV, LLC",0,Not Available,Kern,21.6,WPRS 1,WND,12/20/2018 12:00:00 AM,0,-118.272591362,35.0511227000001
3960,S0714,Valentine Solar,0,EDF Renewable Energy Inc,Kern,100,Unit 1,SUN,12/1/2019 12:00:00 AM,0,-118.324296773,34.987933437
3961,W0477,Mojave 3-4-5,0,FPL Energy Operating Services Inc,Kern,75,WPRS 1,WND,1/1/2021 12:00:00 AM,0,-118.260769725,35.0461350370001
3962,W0480,"Oasis Alta, LLC",0,"Terra-Gen, LLC",Kern,14.4,WPRS 1,WND,4/14/2021 12:00:00 AM,0,-118.283219721,35.0456530380001
3963,G0366,Lake Shore Mojave  LLC (Retired 8/2013),1,Energy Operations Group,Kern,0,Unit 1,NG,6/12/1990 12:00:00 AM,0,-117.701460112,35.0321369590001
3964,G0625,U S Borax Inc,0,Rio Tinto Minerals,Kern,42,Unit 1,NG,9/25/1984 12:00:00 AM,0,-117.702088201,35.034856566
3965,S0071,SEGS III (Retired 6/30/2021),1,KJC Operating Company,San Bernardino,0,GEN1,SUN,12/18/1986 12:00:00 AM,1,-117.555717453,35.0066906920001
3966,S0072,SEGS IV (Retired 6/30/2021),1,KJC Operating Company,San Bernardino,0,GEN1,SUN,12/18/1986 12:00:00 AM,1,-117.555678993,35.0123702220001
3967,S0074,SEGS V (Retired 6/30/2021),1,KJC Operating Company,San Bernardino,0,GEN1,SUN,9/29/1987 12:00:00 AM,1,-117.555520664,35.0194804430001
3968,S0075,SEGS VI (Retired 6/30/2021),1,KJC Operating Company,San Bernardino,0,GEN1,SUN,12/25/1988 12:00:00 AM,1,-117.566056979,35.020494469
3969,S0076,SEGS VII (Retired 6/30/2021),1,FPL Energy Operating Services Inc,San Bernardino,0,GEN1,SUN,12/29/1988 12:00:00 AM,1,-117.566160121,35.0146473610001
3970,S0073,SEGS IX,0,ESI Operating Services Inc,San Bernardino,92,GEN1,SUN,10/11/1990 12:00:00 AM,1,-117.337778001,35.033475568
3971,S0077,SEGS VIII,1,ESI Operating Services Inc,San Bernardino,0,GEN1,SUN,12/1/1989 12:00:00 AM,1,-117.356517994,35.0314656900001
3972,S0104,Mojave Solar Project,0,Abengoa Solar,San Bernardino,250,"Alpha, Beta",SUN,12/4/2014 12:00:00 AM,1,-117.31033789,35.007260015
3973,N0001,Diablo Canyon,0,Pacific Gas & Electric (PG&E),San Luis Obispo,2323,"Unit 201, Unit 202",NUC,5/7/1985 12:00:00 AM,0,-120.855353559,35.2116648210001
3974,S9077,California National Guard,0,Not Available,San Luis Obispo,1,1,SUN,1/1/2012 12:00:00 AM,0,-120.722953089,35.3212968080001
3975,S9129,Stocker Resources/ Plains Exploration & Production Company,0,Not Available,San Luis Obispo,1.4,1,SUN,1/1/2012 12:00:00 AM,0,-120.623303724,35.1775192150001
3976,E0254,Cold Canyon,0,Toro Energy of California LLC,San Luis Obispo,1.5,CC1,LFG,7/21/2013 12:00:00 AM,0,-120.599339783,35.1868409040001
3977,G0339,McKittrick Cogen,0,WCAC Operating Company,Kern,47,LM5000,NG,11/1/1991 12:00:00 AM,0,-119.661899392,35.319359821
3978,G0600,McKittrick Cogeneration Plant,0,Chevron North America Exploration and Production,Kern,11.2,"McK 1, McK 2, McK1, McK2, McK3",NG,10/1/1984 12:00:00 AM,0,-119.659825133,35.315983128
3979,G0601,North Midway Cogeneration Plant,1,Chevron North America Exploration and Production,Kern,9.6,"7, 8, 9, Units 5A 5B",NG,10/1/1986 12:00:00 AM,0,-119.598725115,35.276197086
3980,G0358,Midway-Sunset Cogeneration,0,Edison Mission Operation & Maintenance Inc,Kern,234,"A, B, C",NG,5/8/1989 12:00:00 AM,1,-119.629693686,35.2272649270001
3981,G0031,Oxford Cogeneration Facility (Shutdown 12/2006),1,Aera Energy LLC,Kern,0,"1, 2, 3",NG,9/19/1984 12:00:00 AM,0,-119.605763181,35.2122317970001
3982,G0355,Mid-Set Cogeneration (Retired 12/31/2016),1,Mid-Set Cogeneration Facility,Kern,0,K100,NG,5/19/1989 12:00:00 AM,0,-119.570909391,35.19419299
3983,G0357,MMC Mid-Sun  LLC (Dismantled 4/1/2009),1,MMC Energy Inc,Kern,0,1,NG,1/26/2007 12:00:00 AM,0,-119.624307459,35.230853218
3984,G0627,Dome Lease Project,0,Sentinel Peak Resources California LLC,Kern,6,"T1, T2",NG,8/1/1998 12:00:00 AM,0,-119.583090022,35.2207845460001
3985,G0775,Elk Hills CoGeneration,0,California Resources Corporation,Kern,46.6,"1, 2",NG,11/1/1994 12:00:00 AM,0,-119.470566115,35.2786297050001
3986,G0781,La Paloma Generating,0,La Paloma Generating,Kern,1200,"Gen-1, Gen-2, Gen-3, Gen-4",NG,1/6/2003 12:00:00 AM,1,-119.592197855,35.2956286090001
3987,G0784,Sunrise Power,0,Sunrise Power Company LLC,Kern,572,"ST, X718, X718-719, X719",NG,6/28/2001 12:00:00 AM,1,-119.584094815,35.2104553130001
3988,G0799,Elk Hills Power  LLC,0,Elk Hills Power LLC,Kern,567,"CTG1, CTG2, STG",NG,7/1/2003 12:00:00 AM,1,-119.470070845,35.280460991
3989,S9416,Pumpjack Solar 1 PV,0,Duke Energy North America,Kern,20,1,SUN,12/23/2014 12:00:00 AM,0,-119.596147078,35.237293761
3990,S0551,Castor Solar Project,0,Green Light Energy Corporation,Kern,1.5,Unit 1,SUN,4/2/2016 12:00:00 AM,0,-119.387245524,35.2110390890001
3991,S9067,Inergy Propoane LLC,0,Not Available,Kern,1,1,SUN,1/1/2012 12:00:00 AM,0,-119.303591239,35.3028446020001
3992,S9195,Ignite Solar LLC_(Alkali Gardner A),0,Not Available,Kern,1.5,Unit 1,SUN,12/31/2013 12:00:00 AM,0,-119.425009093,35.1490758100001
3993,S0525,Algonquin Power SKIC 20 Solar LLC,0,Clearlight Energy,Kern,20,PV,SUN,5/15/2015 12:00:00 AM,0,-119.238469546,35.130240169
3994,S9208,South Kern Solar 1 (1) (SKIC 2012 PV RFO - 1),0,Not Available,Kern,10,Unit 1,SUN,12/31/2016 12:00:00 AM,0,-119.249613084,35.1282807760001
3995,E0257,ABEC Bidart-Old River LLC,0,California Bioenergy LLC,Kern,3.6,1,OBG,3/10/2014 12:00:00 AM,0,-119.108629977,35.188445802
3996,E0306,Carlos Echeverria and Sons Dairy Biogas (<1MW),0,California Bioenergy LLC,Kern,0.99,Unit 1,OBG,2/13/2018 12:00:00 AM,0,-119.116409561,35.173056864
3997,E0308,Lakeview Farms LLC (<1MW),0,California Bioenergy LLC,Kern,0.99,Unit 1,OBG,2/13/2018 12:00:00 AM,0,-119.202921498,35.214295727
3998,G1073,Kern Oil & Refining Bakersfield Refinery,0,Kern Energy,Kern,4.5,58100,NG,10/1/2002 12:00:00 AM,0,-118.918305255,35.2955390070001
3999,S0316,Old River One LLC,0,Onward Energy,Kern,20,1,SUN,12/17/2014 12:00:00 AM,0,-119.08512758,35.220557435
4000,S9193,KDW Solar 1  LLC  (KDW Solar 1 ),0,Not Available,Kern,1.5,Unit 1,SUN,12/31/2012 12:00:00 AM,0,-118.988452706,35.3149542090001
4001,S9199,KDW Solar 2  LLC,0,Not Available,Kern,1.5,Unit 1,SUN,12/31/2013 12:00:00 AM,0,-118.929075446,35.2828450740001
4002,S0306,Orion 1 Solar,0,Longroad Energy,Kern,12,1,SUN,4/1/2014 12:00:00 AM,0,-118.888702023,35.1453629960001
4003,S0321,Regulus Solar,0,Not Available,Kern,60,1,SUN,10/31/2014 12:00:00 AM,0,-118.847535082,35.3075945410001
4004,S0431,Redcrest Solar Farm,0,S-Power (Sustainable Power Group),Kern,16.66,Unit 1,SUN,8/1/2015 12:00:00 AM,0,-118.809412764,35.3155460460001
4005,S9080,Vaquero Energy Inc.,0,Not Available,Kern,1,1,SUN,1/1/2012 12:00:00 AM,0,-118.816975406,35.317614496
4006,S9087,Grimmway Enterprises  Inc.,0,Not Available,Kern,1,1,SUN,1/1/2012 12:00:00 AM,0,-118.869965346,35.245640108
4007,S9088,Grimmway Enterprises  Inc.,0,Not Available,Kern,1,1,SUN,1/1/2012 12:00:00 AM,0,-118.869980917,35.247199998
4008,S9091,Grimmway Enterprises Inc.,0,Not Available,Kern,1,1,SUN,1/1/2012 12:00:00 AM,0,-118.859404873,35.2612059410001
4009,S9204,Kern River (Bena B),0,Not Available,Kern,1.5,Unit 1,SUN,12/31/2014 12:00:00 AM,0,-118.875580528,35.303728124
4010,S9160,Pine Tree Solar Project,0,Los Angeles Department of Water & Power (LADWP),Kern,8.5,1,SUN,3/15/2013 12:00:00 AM,0,-118.194258464,35.229303773
4011,W0289,Sky River Partnership (ESI Energy  Inc - 6065),0,Not Available,Kern,70.65,WPRS 1,WND,12/11/2012 12:00:00 AM,0,-118.246014801,35.263623393
4012,W0368,Pine Tree Wind Power Plant,0,Los Angeles Department of Water & Power (LADWP),Kern,135,WPRS 1,WND,7/1/2009 12:00:00 AM,0,-118.179879461,35.247049485
4013,S0587,Beacon Solar 1,0,S-Power (Sustainable Power Group),Kern,56,Unit 1,SUN,4/28/2017 12:00:00 AM,0,-118.014431746,35.2694389970001
4014,S0530,RE Barren Ridge 1,0,Recurrent Energy LLC,Kern,60,Unit 1,SUN,4/19/2016 12:00:00 AM,0,-118.068716544,35.2053260430001
4015,S0554,Beacon 3,0,S-Power (Sustainable Power Group),Kern,60,Unit 1,SUN,12/30/2016 12:00:00 AM,0,-118.026695295,35.252010985
4016,S0555,Beacon 4,0,S-Power (Sustainable Power Group),Kern,50,Unit 1,SUN,12/5/2016 12:00:00 AM,0,-118.036113006,35.2478856390001
4017,S0603,Springbok Solar Farm 1,0,62SK 8MW LLC,Kern,105,Unit 1,SUN,4/11/2016 12:00:00 AM,0,-117.959979527,35.2506841480001
4018,S0604,Springbok Solar Farm 2,0,62SK 8MW LLC,Kern,155,Unit 1,SUN,9/6/2016 12:00:00 AM,0,-117.9830641,35.250214649
4019,S0637,Beacon 2,0,CD Arevon USA Inc.,Kern,45,Unit 1,SUN,12/29/2017 12:00:00 AM,0,-118.036314006,35.2547736940001
4020,S0638,Beacon 5,0,CD Arevon USA Inc.,Kern,36,Unit 1,SUN,12/29/2017 12:00:00 AM,0,-118.037380347,35.253508734
4021,S0690,Springbok 3,0,CD Arevon USA Inc.,Kern,119.6,Unit 1,SUN,7/19/2019 12:00:00 AM,0,-117.959868562,35.243269061
4022,C0024,Mohave Generating Station (Nevada) - Retired December 2005,1,Southern California Edison (SCE),Clark,0,"Unit 1, Unit 2",SUB,1/1/1971 12:00:00 AM,0,-114.595927061,35.1330114400001
4023,S9297,Pristine Sun Fund 7 San Luis Obispo PGE LLC_(2103_Hill),0,Not Available,San Luis Obispo,0.75,Unit 1,SUN,12/31/2013 12:00:00 AM,0,-120.856920856,35.381918619
4024,G0371,Morro Bay Power Plant (Retired Feb 05 2014),1,LSP Morro Bay LLC,San Luis Obispo,0,"1, 2, 3, 4",NG,10/10/1955 12:00:00 AM,0,-120.856969959,35.3719456740001
4025,S9296,Pristine Sun Fund 1  LLC_(2059_Scherz),0,Not Available,San Luis Obispo,0.75,Unit 1,SUN,12/31/2013 12:00:00 AM,0,-120.499092428,35.480449526
4026,S0245,Topaz Solar Farms LLC,0,Topaz Solar Farms LLC,San Luis Obispo,550,Topaz 1,SUN,9/1/2013 12:00:00 AM,0,-120.061929584,35.376170255
4027,S0240,California Valley Solar Ranch,0,Clearway Energy,San Luis Obispo,250,"1A, 1B",SUN,9/15/2012 12:00:00 AM,0,-119.925272401,35.3437772680001
4028,G0102,Cymric Cogeneration Plants,0,Chevron North America Exploration and Production,Kern,21.04,"31X:TG1, 31X:TG2, 36W:Gen1, 36W:Gen2, 36W:Gen3, 36W:Gen4, 6Z:TG1, 6Z:TG2",NG,10/1/1982 12:00:00 AM,0,-119.68033411,35.3746337330001
4029,G0516,South Belridge Cogen Facility,0,Aera Energy LLC,Kern,60,"1, 2, 3, A, B, C",NG,12/1/1985 12:00:00 AM,0,-119.733508361,35.4483693450001
4030,G0644,Wellport Lease Project,0,Sentinel Peak Resources California LLC,Kern,3.8,1,NG,3/1/1990 12:00:00 AM,0,-119.66168243,35.3545441410001
4031,S0547,Rio Bravo Solar II (PMPJCK),0,Deriva Energy,Kern,20,PV1,SUN,12/29/2016 12:00:00 AM,0,-119.62690131,35.4165481650001
4032,S0565,Rio Bravo Solar I LLC (Pumpjack Solar2),0,Deriva Energy,Kern,20,Unit 1,SUN,12/21/2016 12:00:00 AM,0,-119.63851705,35.41623292
4033,E0309,West-Star North Dairy (<1MW),0,California Bioenergy LLC,Kern,0.99,Unit 1,OBG,2/13/2018 12:00:00 AM,0,-119.432863492,35.4721594160001
4034,G0216,Frito-Lay (Kern Plant) (retired 9/2021),1,Frito-Lay Inc,Kern,0,GEN1,NG,3/1/1986 12:00:00 AM,0,-119.321521396,35.395249619
4035,S0330,Shafter Solar LLC,0,NextEra Energy Resources LLC,Kern,20,1,SUN,6/3/2015 12:00:00 AM,0,-119.126866276,35.4504790500001
4036,S9027,CSU Bakersfield,0,Silicon Ranch Corporation,Kern,1,1,SUN,1/1/2012 12:00:00 AM,0,-119.104013249,35.3466474580001
4037,G0409,Oildale (Retired 1/05/2016),1,Enpower Management Corporation,Kern,0,ODC1,NG,6/7/1985 12:00:00 AM,0,-119.008290037,35.419007003
4038,G0556,Weir Cogeneration Plant (shutdown) - Retired December 2006,1,Aera Energy LLC,Kern,0,1,NG,6/19/1988 12:00:00 AM,0,-118.964461511,35.4204892670001
4039,G0595,A Fee Cogeneration Plant - Retired 2011,1,Chevron North America Exploration and Production,Kern,0,"GEN1, GEN2",NG,6/1/1986 12:00:00 AM,0,-119.003528881,35.454846295
4040,G0596,B Fee Cogeneration Plant - Retired 2011,1,Chevron North America Exploration and Production,Kern,0,GEN1,NG,5/1/1987 12:00:00 AM,0,-119.002584336,35.454846477
4041,G0597,C Fee Cogeneration Plant - Retired 2011,1,Chevron North America Exploration and Production,Kern,0,"GEN1, GEN2",NG,2/1/1987 12:00:00 AM,0,-119.002106559,35.4548820910001
4042,S0642,Bakersfield Industrial 1,0,Not Available,Kern,1,Unit 1,SUN,12/27/2017 12:00:00 AM,0,-118.993147063,35.329978372
4043,S0643,Bakersfield Solar 1,0,Not Available,San Joaquin,5.3,Unit 1,SUN,12/26/2017 12:00:00 AM,0,-118.978463815,35.3264900710001
4044,S9045,College District Kern Community,0,Not Available,Kern,1,1,SUN,1/1/2012 12:00:00 AM,0,-118.968904082,35.4117013200001
4045,S9079,County of Kern,0,Not Available,Kern,1,1,SUN,1/1/2012 12:00:00 AM,0,-119.014767002,35.371523703
4046,S9106,Kern County Water Agency,0,Not Available,Kern,1.1,1,SUN,1/1/2012 12:00:00 AM,0,-119.039297734,35.4029416440001
4047,S9152,Kern County Water Agency,0,Not Available,Kern,4.1,1,SUN,1/1/2012 12:00:00 AM,0,-119.038043013,35.403032792
4048,S9209,Tehachapi (Oswell B),0,Not Available,Kern,1.5,Unit 1,SUN,12/31/2014 12:00:00 AM,0,-119.073860699,35.4059727110001
4049,G0040,Badger Creek Cogen,0,WCAC Operating Company,Kern,47,LM5000,NG,4/19/1991 12:00:00 AM,0,-119.029899152,35.483717782
4050,G0103,Kern River Eastridge Cogeneration Plant,0,Chevron North America Exploration and Production,Kern,48.8,"101A, 101B",NG,6/1/1988 12:00:00 AM,0,-118.961362838,35.4406028600001
4051,G0173,Western Power and Steam  Inc. (DAI Oildale),0,Grade 6 Oil LLC,Kern,22.22,"CTG, STG",NG,3/1/1990 12:00:00 AM,0,-119.01275468,35.440713391
4052,G0176,Double C,0,WCAC Operating Company,Kern,48,"Unit 1, Unit 2",NG,3/20/1989 12:00:00 AM,0,-119.046065228,35.500497136
4053,G0258,High Sierra,0,WCAC Operating Company,Kern,48,"Unit 1, Unit 2",NG,3/27/1989 12:00:00 AM,0,-119.040135839,35.515610489
4054,G0292,Kern Front,0,WCAC Operating Company,Kern,48,"Unit 1, Unit 2",NG,5/28/1989 12:00:00 AM,0,-119.0306077,35.509210394
4055,G0293,Kern River Cogeneration Co,0,Edison Mission Operation & Maintenance Inc,Kern,300,"UNIT 1, UNIT 2, UNIT 3, UNIT 4",NG,5/1/1985 12:00:00 AM,1,-118.984931353,35.4517553650001
4056,G0315,Live Oak Cogen,0,WCAC Operating Company,Kern,47,LM5000,NG,4/1/1992 12:00:00 AM,0,-119.008967726,35.496168563
4057,G0428,Bear Mountain Cogen,0,WCAC Operating Company,Kern,47,LM5000,NG,4/24/1995 12:00:00 AM,0,-118.926543442,35.419143822
4058,G0558,Southeast Kern River Cogen,0,Chevron North America Exploration and Production,Kern,27.6,"Unit 1, Unit 2, Unit 3",NG,2/1/1989 12:00:00 AM,0,-119.078443393,35.374102834
4059,G0590,Sycamore Cogeneration Co,0,Edison Mission Operation & Maintenance Inc,Kern,300,"UNIT 1, UNIT 2, UNIT 3, UNIT 4",NG,11/25/1987 12:00:00 AM,1,-119.002808697,35.4550677450001
4060,H0267,Kern Canyon,0,"Kern and Tule Hydro, LLC",Kern,11.5,Unit 596,WAT,8/8/1921 12:00:00 AM,0,-118.796516219,35.440740175
4061,H0268,Kern River 1,0,Southern California Edison (SCE),Kern,24.8,UNIT 1,WAT,5/1/1907 12:00:00 AM,0,-118.779427023,35.460253155
4062,H0367,Rio Bravo Hydroelectric,0,Olcese Water District,Kern,14,1 - 2,WAT,5/1/1989 12:00:00 AM,0,-118.822298512,35.430042348
4063,S0427,Hayworth Solar Farm,0,S-Power (Sustainable Power Group),Kern,26.66,Unit 1,SUN,11/1/2015 12:00:00 AM,0,-118.877110644,35.327311964
4064,S0445,Woodmere Solar Farm,0,S-Power (Sustainable Power Group),Kern,14.99,Unit 1,SUN,12/22/2015 12:00:00 AM,0,-118.823938974,35.3235155260001
4065,S0652,Redwood Solar Farm 4,0,Not Available,Kern,20,Unit 1,SUN,1/6/2018 12:00:00 AM,0,-118.812620209,35.323723774
4066,S9200,Agua Caliente (Bena A),0,Not Available,Kern,1.5,Unit 1,SUN,12/31/2014 12:00:00 AM,0,-118.745875619,35.3273410370001
4067,W0414,"North Sky River, LLC",0,North Sky River Energy LLC,Kern,162,WPRS 1,WND,12/24/2012 12:00:00 AM,0,-118.180463389,35.3502841010001
4068,S9292,Ecos Energy   LLC_(Vintner Solar Project),0,Not Available,San Luis Obispo,1.5,Unit 1,SUN,3/5/2014 12:00:00 AM,0,-120.681375155,35.55777117
4069,S9295,Pristine Sun Fund 7 San Luis Obispo PGE LLC_(2163_Bray),0,Not Available,San Luis Obispo,1,Unit 1,SUN,12/31/2013 12:00:00 AM,0,-120.684746017,35.6142327630001
4070,S9298,Pristine Sun Fund 7 San Luis Obispo PGE LLC_(2050_Gomez),0,Not Available,San Luis Obispo,0.5,Unit 1,SUN,12/31/2013 12:00:00 AM,0,-120.645771862,35.6915712810001
4071,S0162,Meridian (Paso Robles Solar  LLC),0,X-Elio North America Inc.,San Luis Obispo,1.14,1,SUN,11/29/2010 12:00:00 AM,0,-120.568112799,35.6712046430001
4072,S9294,Pristine Sun Fund 1  LLC_(2056_Jardine),0,Not Available,San Luis Obispo,1,Unit 1,SUN,12/31/2013 12:00:00 AM,0,-120.596180484,35.656332816
4073,S0689,California Flats 150,0,CD Arevon USA Inc.,San Luis Obispo,150,Unit 1,SUN,3/5/2019 12:00:00 AM,0,-120.343855771,35.683585803
4074,S0339,Blackwell Solar,0,Southern Power Company,Kern,12,BWS1,SUN,4/17/2015 12:00:00 AM,0,-119.857302989,35.616832855
4075,S0340,Lost Hills Solar,0,Southern Power Company,Kern,21.28,LHS1,SUN,4/17/2015 12:00:00 AM,0,-119.85576234,35.625538292
4076,S9011,Paramount Farms Inc.,0,Not Available,Kern,1,1,SUN,1/1/2012 12:00:00 AM,0,-119.891580074,35.6542155600001
4077,S0688,"CED Lost Hills Solar, LLC",0,RWE Clean Energy,Kern,20,Unit 1,SUN,2/5/2019 12:00:00 AM,0,-119.844953453,35.610009759
4078,S9177,Nickel 1 (""NLH1""),0,Not Available,Kern,1.5,Unit 1,SUN,3/1/2013 12:00:00 AM,0,-119.716082255,35.6474999070001
4079,G0599,Lost Hills Cogeneration Plant,0,Aera Energy LLC,Kern,9,"4, 5, 6",NG,10/1/1985 12:00:00 AM,0,-119.767123936,35.6656924320001
4080,S0718,Chevron - Lost Hills Hybrid,0,MN8 Energy,Kern,29.75,Unit 1,SUN,4/16/2020 12:00:00 AM,0,-119.70232357,35.6076359090001
4081,S0327,Wildwood Solar I,0,Deriva Energy,Kern,20,WLD1,SUN,2/18/2015 12:00:00 AM,0,-119.568725845,35.618822998
4082,S0331,Cottonwood Goose Lake LLC,0,Onward Energy,Kern,12,1,SUN,4/28/2015 12:00:00 AM,0,-119.57593858,35.5919091280001
4083,S0546,Wildwood Solar II,0,Deriva Energy,Kern,15,PV1,SUN,1/11/2017 12:00:00 AM,0,-119.577858207,35.6324636850001
4084,G0592,South Generator,0,Semitropic Water Storage District,Kern,2,"1, 2",NG,9/1/1993 12:00:00 AM,0,-119.545511465,35.5381894990001
4085,G0593,North Generator,0,Semitropic Water Storage District,Kern,2,"1, 2",NG,9/1/1993 12:00:00 AM,0,-119.544384981,35.579058144
4086,S9044,Primex Farms LLC,0,Not Available,Kern,1,1,SUN,1/1/2012 12:00:00 AM,0,-119.437847538,35.56830655
4087,S9165,CA Dept of Correctionns WASCO (WSP),0,Not Available,Kern,2,1,SUN,1/1/2013 12:00:00 AM,0,-119.406569214,35.5906114210001
4088,S9198,Ignite Solar LLC_(Merced Ave C),0,Not Available,Kern,1.5,Unit 1,SUN,12/31/2013 12:00:00 AM,0,-119.359522275,35.5237307250001
4089,S9207,Sequoia (Bena C),0,Not Available,Kern,1.5,Unit 1,SUN,12/31/2014 12:00:00 AM,0,-119.450316684,35.5568939250001
4090,S9196,Ignite Solar LLC_(Merced Ave A),0,Not Available,Kern,1.5,Unit 1,SUN,12/31/2013 12:00:00 AM,0,-119.14914371,35.5471508110001
4091,S9197,Ignite Solar LLC_(Merced Ave B),0,Not Available,Kern,1.5,Unit 1,SUN,12/31/2013 12:00:00 AM,0,-119.149803666,35.5471431400001
4092,E0232,Mt. Poso Cogeneration,0,Mt Poso Cogeneration Co,Kern,44,412585,WDS,11/1/2011 12:00:00 AM,0,-118.985452069,35.631406197
4093,C0016,Mt. Poso Cogeneration - Retired November 2011,1,Mt Poso Cogeneration Co,Kern,0,S/N 412585,BIT,9/1/1988 12:00:00 AM,0,-119.005989175,35.576473935
4094,C0022,Rio Bravo Poso (Retired 2/12/2015),1,IHI Power Services Corp,Kern,0,1,BIT,9/1/1989 12:00:00 AM,0,-119.075220227,35.5472819730001
4095,H0048,Borel (retired 9/2017),1,Southern California Edison (SCE),Kern,0,1,WAT,12/1/1904 12:00:00 AM,0,-118.524501335,35.587949445
4096,H0094,Isabella,0,Isabella Partners,Kern,13.9,"GEN1, GEN2",WAT,1/1/1990 12:00:00 AM,0,-118.481906035,35.644109585
4097,S0297,Naval Air Weapons Station China Lake,0,MN8 Energy,Kern,13.78,Unit 1,SUN,9/17/2012 12:00:00 AM,0,-117.654373869,35.6352686380001
4098,S0078,Ivanpah I (Solar Partners II),0,Solar Partners I II VIII LLC,San Bernardino,126,Ivanpah 1,SUN,12/30/2013 12:00:00 AM,1,-115.451703031,35.535437519
4099,S0079,Ivanpah II (Solar Partners I),0,Solar Partners I II VIII LLC,San Bernardino,133,Ivanpah 2,SUN,12/31/2013 12:00:00 AM,1,-115.482945192,35.57551597
4100,S0080,Ivanpah III (Solar Partners VIII),0,Solar Partners I II VIII LLC,San Bernardino,133,Ivanpah 3,SUN,12/31/2013 12:00:00 AM,1,-115.470211035,35.5568825300001
4101,S0436,Silver State Power South (NV),0,"Silver State Solar Power South, LLC",Clark,250,Unit 1,SUN,10/1/2015 12:00:00 AM,0,-115.349814155,35.6241707930001
4102,S0457,Desert Stateline Solar Facility,0,Southern Power Company,San Bernardino,299.99,SLS1,SUN,12/10/2015 12:00:00 AM,0,-115.426955992,35.591157191
4103,H0341,Nacimiento Hydro Project,0,Monterey County Water Resources Agency,San Luis Obispo,4.36,"1, 2",WAT,7/1/1987 12:00:00 AM,0,-120.883265524,35.7985788300001
4104,S9054,San Miguel Winery,0,Not Available,San Luis Obispo,1,1,SUN,1/1/2012 12:00:00 AM,0,-120.696895423,35.762443782
4105,S9299,Pristine Sun Fund 7 San Luis Obispo PGE LLC_(2053_Pisciotta),0,Not Available,San Luis Obispo,0.25,Unit 1,SUN,12/31/2013 12:00:00 AM,0,-120.734592953,35.795266871
4106,S0636,California Flats North,0,CD Arevon USA Inc.,Monterey,130,Unit 1,SUN,11/29/2017 12:00:00 AM,0,-120.338440098,35.8740900760001
4107,S0434,Coronal Lost Hills Solar,0,CD Arevon USA Inc.,Kern,20,Unit 1,SUN,5/18/2015 12:00:00 AM,0,-119.906096865,35.7287587640001
4108,S0404,Morelos Solar Facility,0,Morelos Solar LLC,Kern,15,MRLS,SUN,12/2/2015 12:00:00 AM,0,-119.820654362,35.7364415380001
4109,G1049,Delano Energy Center  LLC,0,Wellhead Services Inc,Tulare,49.9,1,NG,1/16/2013 12:00:00 AM,0,-119.294486294,35.7907794750001
4110,S0246,Alpaugh 50  LLC,0,Quanta Power Generation Inc,Tulare,50,1,SUN,3/1/2013 12:00:00 AM,0,-119.439413157,35.8951299840001
4111,S0247,Alpaugh North  LLC,0,Quanta Power Generation Inc,Tulare,20,1,SUN,2/20/2013 12:00:00 AM,0,-119.437353631,35.9019700000001
4112,S0320,White River Solar 2  LLC (White River West),0,RWE Clean Energy,Tulare,19.8,1,SUN,9/17/2014 12:00:00 AM,0,-119.462152191,35.8747768310001
4113,S0323,Atwell Island PV Solar Generating Facility,0,Not Available,Tulare,20,Unit 1,SUN,3/1/2013 12:00:00 AM,0,-119.452756788,35.8785907500001
4114,S0336,Atwell Island West LLC CED,0,RWE Clean Energy,Tulare,19.8,1,SUN,6/25/2015 12:00:00 AM,0,-119.459697401,35.8154683930001
4115,S0359,North Kern State Prison II,0,Not Available,Kern,4,1,SUN,9/28/2012 12:00:00 AM,0,-119.308987074,35.777487964
4116,S0358,North Kern State Prison,0,Silicon Ranch Corporation,Kern,0.99,1,SUN,12/22/2011 12:00:00 AM,0,-119.226519554,35.7755860190001
4117,S0648,Delano Land 1,0,Not Available,Kern,1,Unit 1,SUN,12/28/2017 12:00:00 AM,0,-119.244559193,35.739120057
4118,E0029,Covanta Delano  Inc,0,Clean Energy Systems,Kern,58,"Delano 1, Delano 2",WDS,12/1/1989 12:00:00 AM,0,-119.234495983,35.719119236
4119,S0579,Ducor Solar 1,0,RWE Clean Energy,Tulare,20,Unit 1,SUN,11/30/2016 12:00:00 AM,0,-119.06839967,35.8562707240001
4120,S0580,Ducor Solar 2,0,RWE Clean Energy,Tulare,20,Unit 1,SUN,11/30/2016 12:00:00 AM,0,-119.067890289,35.845723461
4121,S0581,Ducor Solar 3,0,RWE Clean Energy,Tulare,15,Unit 1,SUN,12/1/2016 12:00:00 AM,0,-119.056979763,35.8453727890001
4122,S0582,Ducor Solar 4,0,RWE Clean Energy,Tulare,20,Unit 1,SUN,12/1/2016 12:00:00 AM,0,-119.026979235,35.850398193
4123,S0538,Nicolis,0,CD Arevon USA Inc.,Tulare,20,Unit 1,SUN,9/15/2016 12:00:00 AM,0,-119.049325969,35.8312036570001
4124,S0539,Tropico,0,CD Arevon USA Inc.,Tulare,14,Unit 1,SUN,9/14/2016 12:00:00 AM,0,-119.037452697,35.8240578200001
4125,C0018,Rio Bravo Jasmin (Retired 1/20/2016),1,IHI Power Services Corp,Kern,0,Unit 1,BIT,9/1/1989 12:00:00 AM,0,-119.051288591,35.7415175400001
4126,H0269,Kern River 3,0,Southern California Edison (SCE),Kern,36.8,UNIT 1,WAT,3/1/1921 12:00:00 AM,0,-118.436203224,35.776134638
4127,C0017,Argus Cogen Plant,0,Searles Valley Minerals,San Bernardino,62.5,"TG #5, TG #8, TG #9",BIT,12/1/1947 12:00:00 AM,0,-117.383743029,35.765562292
4128,C0001,ACE Cogeneration (ACE is Argus Cogen Expansion - Retired),1,ACE Cogeneration Co,San Bernardino,0,GEN 1,PC,12/1/1990 12:00:00 AM,0,-117.378497583,35.7637751030001
4129,G0396,Westend Facility,0,Searles Valley Minerals,San Bernardino,20,PINA,NG,6/1/1968 12:00:00 AM,0,-117.377158954,35.761830988
4130,G1040,Desert Star Energy Center (NV),0,San Diego Gas & Electric - Desert Star,Clark,536,"ED01, ED02, ED03",NG,5/4/2000 12:00:00 AM,0,-114.994140666,35.788432669
4131,S0243,Copper Mountain I (NV),0,Copper Mountain Solar,Clark,58,"CM10, CM48",SUN,6/28/2012 12:00:00 AM,0,-114.992740865,35.7818219230001
4132,S0244,Copper Mountain II (NV),0,Copper Mountain Solar,Clark,94.5,CMS2,SUN,6/28/2012 12:00:00 AM,0,-114.976500109,35.801603093
4133,S0295,Copper Mountain III (NV),0,Copper Mountain Solar,Clark,255,CMS3,SUN,5/12/2014 12:00:00 AM,0,-114.95790023,35.8894137390001
4134,S0540,Copper Mountain Solar 4 (NV),0,Copper Mountain Solar,Clark,93.6,CMS4,SUN,10/1/2016 12:00:00 AM,0,-114.967187363,35.802610767
4135,S9161,Fort Hunter Liggett Dept of Army,0,Not Available,Monterey,2,1,SUN,1/1/2013 12:00:00 AM,0,-121.233226082,35.9982099100001
4136,G0547,Sargent Canyon Cogeneration (retired 3/31/2017),1,Sargent Canyon Cogeneration Co,Monterey,0,18C052,NG,1/1/1992 12:00:00 AM,0,-120.840527579,35.9359830160001
4137,G0520,Salinas River Cogeneration,0,Salinas River Cogeneration Facility,Monterey,38.9,18C053,NG,1/1/1992 12:00:00 AM,0,-120.867883272,35.9517065410001
4138,G0802,AERA San Ardo Cogen Facility,0,Aera Energy LLC,Monterey,6,"Unit 1, Unit 2",NG,1/1/1989 12:00:00 AM,0,-120.859572499,35.953234653
4139,S0585,CED Avenal LLC,0,RWE Clean Energy,Kings,15,Unit 1,SUN,1/26/2017 12:00:00 AM,0,-120.151357194,35.9958482760001
4140,S0126,Avenal Park Solar,0,Eurus Energy America Corporation,Kings,6,1,SUN,8/5/2011 12:00:00 AM,0,-120.105278871,35.991564742
4141,S0127,Sun City,0,Eurus Energy America Corporation,Kings,20,1,SUN,12/31/2010 12:00:00 AM,0,-120.102850359,35.9848676980001
4142,S0131,Sand Drag,0,Eurus Energy America Corporation,Kings,19,1,SUN,12/31/2010 12:00:00 AM,0,-120.101198644,35.980673853
4143,S0301,Kettleman Solar,0,Not Available,Kings,1,1,SUN,3/1/2014 12:00:00 AM,0,-119.960720378,36.0063272100001
4144,S0424,EE Kettleman Solar 1,0,Clenera - Renewable Energy,Kings,20,Unit 1,SUN,7/1/2015 12:00:00 AM,0,-119.947830782,36.0543820230001
4145,S9166,CA Dept of Correctionns Corcoran,0,Not Available,Kings,5,1,SUN,1/1/2013 12:00:00 AM,0,-119.554821892,36.0643846950001
4146,G1020,Pixley Cogen Plant,0,Calgren Renewable Fuels LLC,Tulare,11.67,"GT-100, GT-200",NG,7/1/2008 12:00:00 AM,0,-119.302932758,36.000907145
4147,S0248,White River Solar  LLC CED,0,RWE Clean Energy,Tulare,20,1,SUN,6/21/2013 12:00:00 AM,0,-119.428116542,35.9093960110001
4148,H0503,Success Power Project,0,Lower Tule River Irrigation District,Tulare,1.4,SPP1,WAT,2/1/1991 12:00:00 AM,0,-118.924068213,36.058574392
4149,S0201,SPVP042 Porterville (Vestal),0,Southern California Edison (SCE),Tulare,6.77,1,SUN,12/28/2010 12:00:00 AM,0,-119.073898765,36.0285849260001
4150,T0009,Coso Energy Developers (BLM),0,Coso Operating Company LLC,Inyo,99.99,"7, 8, 9",GEO,3/14/1989 12:00:00 AM,0,-117.788603308,36.0024854060001
4151,T0010,Coso Finance Partners (NAVY I),0,Coso Operating Company LLC,Inyo,102.43,"1, 2, 3",GEO,8/19/1987 12:00:00 AM,0,-117.79779355,36.0374114310001
4152,T0011,Coso Power Developers (NAVY II),0,Coso Operating Company LLC,Inyo,99.99,"4, 5, 6",GEO,1/13/1990 12:00:00 AM,0,-117.791758007,36.019406889
4153,H0242,Hoover Dam (NV),0,United States Bureau of Reclamation,Clark,2080,"154, 8902",WAT,10/1/1936 12:00:00 AM,0,-114.73770371,36.0155523920001
4154,W0465,Scheid Vineyards,0,Not Available,Monterey,1.85,WPRS 1,WND,9/15/2017 12:00:00 AM,0,-121.190117971,36.2748415620001
4155,G0019,King City Cogen Plant,0,Calpine Corporation - West Region,Monterey,130,"KC1CT1, KC1ST1",NG,4/1/1989 12:00:00 AM,1,-121.127525401,36.2252920330001
4156,G0823,King City Peaker,0,Calpine Corporation - West Region,Monterey,47.3,KC2JT1,NG,4/1/2002 12:00:00 AM,1,-121.124659945,36.224880383
4157,S0349,Pleasant Valley State Prison,0,Not Available,Fresno,1.22,1,SUN,7/22/2014 12:00:00 AM,0,-120.24999112,36.1260693930001
4158,S0350,Coalinga State Hospital,0,Not Available,Fresno,2,1,SUN,7/22/2014 12:00:00 AM,0,-120.243554503,36.1262128340001
4159,G0100,Coalinga Cogeneration Plants (16.56 MW),0,Chevron North America Exploration and Production,Fresno,16.56,"25D:TG1, 25D:TG2, 25D:TG3, 25D:TG4, 6C:TG5, 6C:TG6",NG,10/1/1986 12:00:00 AM,0,-120.388519829,36.180650219
4160,G0131,Coalinga Cogeneration Facility (38.4 MW) (Retired 12/31/2016),1,Coalinga Cogeneration Facility,Fresno,0,K100,NG,2/22/1992 12:00:00 AM,0,-120.355931752,36.1900636980001
4161,G0557,Coalinga Cogeneration Facility (7.0 MW),0,Aera Energy LLC,Fresno,7,"A, B",NG,6/1/1988 12:00:00 AM,0,-120.36870337,36.2375598510001
4162,G0906,Wellhead Power Gates LLC (Retired 2012),1,Wellhead Services Inc,Fresno,0,1,NG,12/27/2001 12:00:00 AM,0,-120.153930543,36.183170042
4163,S0177,Huron Solar Station,0,Pacific Gas & Electric (PG&E),Fresno,20,1,SUN,6/27/2012 12:00:00 AM,0,-120.142380067,36.128838397
4164,S0223,West Gates Solar Station,0,Pacific Gas & Electric (PG&E),Fresno,10,1,SUN,6/24/2013 12:00:00 AM,0,-120.132883588,36.1433717580001
4165,S0224,Gates Solar Station,0,Pacific Gas & Electric (PG&E),Fresno,20,1,SUN,6/24/2013 12:00:00 AM,0,-120.111738964,36.1789162210001
4166,S9053,Los Gatos Tomato Products,0,Not Available,Fresno,1,1,SUN,1/1/2012 12:00:00 AM,0,-120.155406501,36.184871233
4167,S9192,Westlands Solar Farms,0,Clenera - Renewable Energy,Fresno,18,W3963,SUN,2/14/2014 12:00:00 AM,0,-120.075302453,36.1390010630001
4168,S0307,Orion 2 Solar,0,Longroad Energy,Kings,8,1,SUN,6/1/2014 12:00:00 AM,0,-119.904142251,36.256112344
4169,S0315,Kent South  LLC,0,Onward Energy,Kings,20,1,SUN,12/1/2014 12:00:00 AM,0,-119.909719188,36.2238900250001
4170,S0533,RE Mustang,0,MN8 Energy,Kings,30,Unit 1,SUN,5/12/2016 12:00:00 AM,0,-119.918468741,36.244717521
4171,S0534,RE Mustang 3,0,MN8 Energy,Kings,40,Unit 1,SUN,3/1/2016 12:00:00 AM,0,-119.919650381,36.2391480810001
4172,S0535,RE Mustang 4,0,MN8 Energy,Kings,30,Unit 1,SUN,3/31/2016 12:00:00 AM,0,-119.910641973,36.2375795730001
4173,S0544,Westside PV Solar,0,"Westside Assets, LLC",Kern,2,4928,SUN,5/6/2016 12:00:00 AM,0,-119.907271821,36.2172372970001
4174,G0867,Henrietta Peaker,0,"MRP San Joaquin Energy, LLC",Kings,98,"HPP 1, HPP 2",NG,7/1/2002 12:00:00 AM,1,-119.904386257,36.24024022
4175,S0702,American Kings,0,MN8 Energy,Kings,123,Unit 1,SUN,12/12/2020 12:00:00 AM,0,-119.907436207,36.2242586400001
4176,S0721,Aquamarine Westside,0,CIM Group,Kings,250,W12082,SUN,9/22/2021 12:00:00 AM,0,-119.922149217,36.1905217780001
4177,S0724,RE Slate 1,0,MN8 Energy,Kings,300,Unit 1,SUN,11/12/2021 12:00:00 AM,0,-119.957421647,36.1818530240001
4178,S0260,Kansas South,0,Clearway Energy,Kings,20,Kansas South,SUN,6/25/2013 12:00:00 AM,0,-119.830109617,36.223587778
4179,S0319,Kansas LLC,0,Onward Energy,Kings,20,1,SUN,11/20/2014 12:00:00 AM,0,-119.830923334,36.2448475830001
4180,S0532,Henrietta Solar Facility,0,Southern Power Company,Kings,100,M1250,SUN,7/15/2016 12:00:00 AM,0,-119.804312519,36.2207907800001
4181,S0571,Lemoore PV 1 LLC,0,Lemoore PV 1 LLC,Kings,1.5,Unit 1,SUN,1/29/2016 12:00:00 AM,0,-119.797335626,36.257770092
4182,S0225,Guernsey Solar Station,0,Pacific Gas & Electric (PG&E),Kings,20,1,SUN,9/18/2013 12:00:00 AM,0,-119.650474984,36.1642757980001
4183,S0249,Corcoran LLC CED,0,RWE Clean Energy,Kings,20,1,SUN,8/13/2013 12:00:00 AM,0,-119.573727541,36.142171337
4184,S0317,Corcoran Irrigation District Solar  LLC,0,Onward Energy,Kings,20,1,SUN,12/22/2014 12:00:00 AM,0,-119.581391636,36.1413261020001
4185,S0332,Cottonwood City of Corcoran LLC,0,Onward Energy,Kings,11,1,SUN,4/23/2015 12:00:00 AM,0,-119.553034825,36.1370249340001
4186,E0307,Clover Flat Landfill,0,Clover Flat Landfill,Napa,0.9,Unit 1,LFG,6/25/2014 12:00:00 AM,0,-122.531886358,38.583065608
4187,B0001,Vaca Dixon Battery Storage,0,Pacific Gas & Electric (PG&E),Solano,2.4,Unit 1,OTH,7/1/2013 12:00:00 AM,0,-121.925167578,38.4118593700001
4188,E0314,Abel Road Bioenergy (CAISO),0,Not Available,Colusa,3,Unit 1,OBG,7/26/2022 12:00:00 AM,0,-122.118518036,39.1459556460001
4189,S0779,Putah Creek Solar Farm North (Hybrid) (CAISO),0,Not Available,Yolo,3,Unit 1,SUN,10/15/2022 12:00:00 AM,0,-122.005109915,38.516580748
4190,S0646,Chevron 2 (Removed - see S0665),0,Not Available,Contra Costa,0,Unit 1,SUN,12/21/2017 12:00:00 AM,0,-122.374386608,37.946104958
4191,S0647,Chevron 8.5 (Removed - see S0665),0,Not Available,Contra Costa,0,Unit 1,SUN,12/21/2017 12:00:00 AM,0,-122.374561988,37.9448238370001
4192,S0664,2 MW MCE Richmond Solar PV Project (Removed - see S0665),0,S-Power (Sustainable Power Group),Contra Costa,0,Unit 1,SUN,12/22/2017 12:00:00 AM,0,-122.37982744,37.93450943
4193,E0002,Stockton CoGen Repower (Formerly C0021),0,Stockton CoGen Company,San Joaquin,0,Unit 1,OBG,1/1/2013 12:00:00 AM,0,-121.260075938,37.9134734950001
4194,B0015,Santa Rita Jail Fuel Cell (Now F0002),0,Fuel Cell Energy,Alameda,1.4,MB18,NG,12/16/2016 12:00:00 AM,0,-121.887572049,37.7181654560001
4195,G9905,Juniper Networks,0,Not Available,Santa Clara,1,1,NG,1/1/2013 12:00:00 AM,0,-122.029191033,37.4083251380001
4196,G9904,Kellogg's USA Inc. Convenience Foods,0,Not Available,Santa Clara,1,1,NG,1/1/2013 12:00:00 AM,0,-121.871596461,37.3564164640001
4197,S0735,SPI - Chinese Camp,0,Sierra Pacific Industries Inc,Tuolumne,3.6,Unit 1,SUN,3/31/2022 12:00:00 AM,0,-120.451442853,37.8815558480001
4198,T0083,Casa Diablo 4,0,Mammoth Pacific LP,Mono,45,Unit 1,GEO,12/28/2022 12:00:00 AM,0,-118.909276306,37.6458856100001
4199,S0802,Amazon - Patterson,0,S-Power (Sustainable Power Group),Stanislaus,2.45,PATT1,SUN,5/12/2017 12:00:00 AM,0,-121.166573833,37.4692441620001
4200,W0484,Dole Fresh Vegetables Wind Project,0,Foundation Windpower,Monterey,5.6,WPRS 1,WND,8/12/2022 12:00:00 AM,0,-121.351304788,36.4559395970001
4201,S9189,Pristine Sun Fund 10 Fresno PGE LLC_(2081_Terzian),0,Not Available,Fresno,1.25,Unit 1,SUN,12/31/2013 12:00:00 AM,0,-119.413281065,36.671096952
4202,S0385,"Marinos Ventures LLC - (at 331kW, under 1MW)",0,Marinos Ventures LLC,Tulare,0.33,Unit 1,SUN,1/1/2000 12:00:00 AM,0,-118.92170587,36.4158843280001
4203,S0742,DG Java Solar,0,NextEra Energy Resources LLC,Kings,13.5,Unit 1,SUN,11/30/2022 12:00:00 AM,0,-119.814941361,36.231512455
4204,S0794,Vandenberg Solar,0,MN8 Energy,Santa Barbara,23.35,M1369,SUN,1/8/2018 12:00:00 AM,0,-120.51403108,34.748570031
4205,W0485,Strauss Wind Project,0,"BayWa r.e. Wind, LLC",Santa Barbara,95.25,WPRS 1,WND,,0,-120.512752321,34.573942979
4206,S0821,SEPV Cuyama,0,B2U Storage Solutions,Santa Barbara,1.6,Unit 1,SUN,12/3/2023 12:00:00 AM,0,-119.8870774,34.9760678320001
4207,G1082,"CEFF II Tehachapi Property, LLC (formerly SunSelect 1)",0,"CEFF II Tehachapi Property, LLC",Kern,6.86,"Co-Gen 1, Co-Gen 2",NG,8/1/2018 12:00:00 AM,0,-118.599736775,35.1176448890001
4208,B0002,Tehachapi Storage Project,0,Not Available,Kern,8,Unit 1,BAT,4/8/2016 12:00:00 AM,0,-118.389677249,35.1200778480001
4209,S0827,Yellow Pine Solar LLC (NV),0,NextEra Energy Resources LLC,Clark,125,Unit 1,SUN,7/28/2023 12:00:00 AM,0,-115.851075682,35.9809028060001
4210,S0799,Mohave Energy PV (Hybrid) (AZ),0,EDP Renewables North America LLC,Mohave Valley,23.3,Unit 1,SUN,11/17/2023 12:00:00 AM,0,-114.549163758,34.9942330910001
4211,S0730,Sun Streams 2 (AZ),0,Longroad Energy,Maricopa,150,Unit 1,SUN,7/1/2021 12:00:00 AM,0,-112.82805184,33.3271030240001
4212,S0825,Mesquite Solar 4 (AZ),0,RWE Clean Energy,Maricopa,52.5,Unit 1,SUN,1/18/2024 12:00:00 AM,0,-112.915088383,33.351397332
4213,S0826,McFarland Solar A PV (AZ),0,S-Power (Sustainable Power Group),Yuma,200,Unit 1,SUN,12/22/2023 12:00:00 AM,0,-113.485527473,32.947102419
4214,S0792,"Arlington II, LLC",0,NextEra Energy Resources LLC,Riverside,233,Unit 1,SUN,12/31/2022 12:00:00 AM,0,-114.752990592,33.698033852
4215,S0793,"Arlington III, LLC",0,NextEra Energy Resources LLC,Riverside,233,Unit 1,SUN,8/1/2022 12:00:00 AM,0,-114.765145617,33.6984701870001
4216,S0728,Blythe Mesa Solar Project,0,Intersect Power,Riverside,223.6,Unit 1,SUN,12/21/2022 12:00:00 AM,0,-114.730568997,33.5839891680001
4217,S0774,Athos I,0,"SE Athos I, LLC",Riverside,250,IPAT1,SUN,5/13/2022 12:00:00 AM,0,-115.346924629,33.752880412
4218,S0775,Athos II,0,"SE Athos I, LLC",Riverside,200,IPAT2,SUN,12/16/2021 12:00:00 AM,0,-115.347921965,33.750553295
4219,S0795,IP Oberon I,0,Intersect Power,Riverside,250,Unit 1,SUN,7/7/2023 12:00:00 AM,0,-115.353488471,33.7474869100001
4220,S0796,IP Oberon II,0,Intersect Power,Riverside,250,Unit 1,SUN,9/21/2023 12:00:00 AM,0,-115.356438811,33.7427663660001
4221,S0618,Midway Solar Farm III,0,Solar Frontier Development LLC,Imperial,20,Unit 1,SUN,10/31/2018 12:00:00 AM,0,-115.532819581,33.156752871
4222,G1078,Spreckels Sugar Company,0,Spreckels Sugar Company Inc,Imperial,8.9,B10562,NG,,0,-115.569110217,32.9091326720001
4223,S0731,RE Gaskell West 2 LLC,0,Canadian Solar O&M (U.S.) LLC,Kern,45,Unit 1 - 2,SUN,5/5/2023 12:00:00 AM,0,-118.548591331,34.8291818590001
4224,S0732,RE Gaskell West 3 LLC,0,Canadian Solar O&M (U.S.) LLC,Kern,20,Unit 1,SUN,,0,-118.541735606,34.8289772100001
4225,S0733,RE Gaskell West 4 LLC,0,Canadian Solar O&M (U.S.) LLC,Kern,20,Unit 1,SUN,,0,-118.532117126,34.8287725610001
4226,S0734,RE Gaskell West 5 LLC,0,Canadian Solar O&M (U.S.) LLC,Kern,20,Unit 1,SUN,,0,-118.523828861,34.828823723
4227,S0386,One Miracle Property LLC - One Miracle Property LLC,0,L-8 Solar Project LLC,Ventura,0,Unit 1,SUN,1/1/2000 12:00:00 AM,0,-119.160750996,34.1987329830001
4228,S0680,ColGreen North Shore,0,Not Available,Riverside,74.8,Unit 1,SUN,12/1/2018 12:00:00 AM,0,-115.980457306,33.5482866250001
4229,B0011,El Centro Generating Station BESS,0,Imperial Irrigation District,Imperial,29.7,Unit 1,BAT,12/1/2016 12:00:00 AM,0,-115.544670828,32.8028712220001
4230,S0727,"Drew Solar, LLC",0,D. E. Shaw,Imperial,100,Unit 1,SUN,,0,-115.670382905,32.6901218260001
4231,S9407,Rugged Solar LLC - Not Operational,0,Rugged Solar LLC,San Diego,0,,,,0,-116.263172007,32.6864768070001
4232,S9406,LanEast Solar PV LLC - Not Operational,0,Lan East Solar PV LLC,San Diego,0,1,SUN,10/31/2014 12:00:00 AM,0,-116.260209536,32.6664551110001
4233,S9408,Tierra Del Sol Solar Farm LLC - Not Operational,0,Tierra del Sol Solar Farm LLC,San Diego,0,,,,0,-116.318603166,32.609009992
4234,S0392,Innovative Cold Storage Enterprises (ICE),0,San Diego Gas & Electric,San Diego,0.5,1,SUN,12/9/2008 12:00:00 AM,0,-116.982872864,32.5495481470001
4235,G0505,Rohr Chula Vista Cogeneration Facility,0,University Technical Services,San Diego,0,1,NG,1/1/2000 12:00:00 AM,0,-117.102636729,32.62685429
4236,S0395,SDCCD - Skills Center,0,San Diego Gas & Electric,San Diego,0.05,1,SUN,7/8/2009 12:00:00 AM,0,-117.100844263,32.6995162100001
4237,S0390,Fairfield Grossmont Trolley,0,San Diego Gas & Electric,San Diego,0.06,1,SUN,4/27/2010 12:00:00 AM,0,-117.011562805,32.782436983
4238,B0013,Eastern BESS 1,0,San Diego Gas & Electric,San Diego,7.5,BESS 1,BAT,3/6/2017 12:00:00 AM,0,-116.973266927,32.7956532860001
4239,S0398,X-nth,0,San Diego Gas & Electric,San Diego,0.1,1,SUN,6/25/2004 12:00:00 AM,0,-117.196265058,32.8925270620001
4240,G0550,Scripps Memorial Hospital,0,Scripps Memorial Hospital,San Diego,0,1,NG,1/1/2000 12:00:00 AM,0,-117.226184399,32.885656823
4241,S0394,Sanford-Burnhan Medical Research Institute I,0,San Diego Gas & Electric,San Diego,0.22,1,SUN,1/28/2011 12:00:00 AM,0,-117.241932052,32.9014188570001
4242,G0591,TRW ASD (Northrop Grumman),1,TRW Inc,San Diego,1.3,"EG-1, EG-2",NG,8/1/1984 12:00:00 AM,0,-117.076868011,32.99069071
4243,S0389,Del Sur Elementary School,0,San Diego Gas & Electric,San Diego,0.04,1,SUN,9/5/2008 12:00:00 AM,0,-117.140666484,33.0184738240001
4244,H0016,Badger Filtration Plant (Retired 6/30/2017),1,R E Badger Filtration Plant,San Diego,1.49,1,WAT,7/8/1987 12:00:00 AM,0,-117.17384386,33.0515112910001
4245,S0393,Pacific Station,0,San Diego Gas & Electric,San Diego,0.1,1,SUN,5/16/2012 12:00:00 AM,0,-117.293180665,33.0438537270001
4246,H0615,David C. McCollom WTP (Two 373 kW Gens),0,Olivenhain Municipal Water District,San Diego,0.74,RPHES-GEN,WAT,1/23/2007 12:00:00 AM,0,-117.248018131,33.0673107440001
4247,S0391,Hunter Industries,0,San Diego Gas & Electric,San Diego,0.1,1,SUN,12/4/2007 12:00:00 AM,0,-117.21916987,33.103429476
4248,B0008,Escondido Energy Storage,0,San Diego Gas & Electric,San Diego,30,"Unit 1, Unit 2, Unit 3",BAT,3/6/2017 12:00:00 AM,0,-117.114238651,33.1242841370001
4249,S0397,Wilco Investments,0,San Diego Gas & Electric,San Diego,0.38,1,SUN,5/27/2010 12:00:00 AM,0,-117.221387787,33.1461081950001
4250,S0396,Towers at Bressi Ranch,0,San Diego Gas & Electric,San Diego,0.08,1,SUN,2/28/2008 12:00:00 AM,0,-117.257071197,33.128247124
4251,W0488,Mountain View Repower,0,S-Power (Sustainable Power Group),Riverside,66.6,WPRS 1,WND,7/27/2022 12:00:00 AM,0,-116.608945223,33.9072437720001
4252,S0800,Daggett Solar 2,0,Clearway Energy,San Bernardino,182,Unit 1,SUN,11/10/2023 12:00:00 AM,0,-116.807045997,34.8664091250001
4253,S0801,Daggett Solar 3,0,Clearway Energy,San Bernardino,300,Unit 1,SUN,7/14/2023 12:00:00 AM,0,-116.807223054,34.8633738720001
4254,S0797,Resurgence Solar I,0,NextEra Energy Resources LLC,San Bernardino,90,SRE I,SUN,8/2/2023 12:00:00 AM,0,-117.548988321,35.011140165
4255,S0798,Resurgence Solar II,0,NextEra Energy Resources LLC,San Bernardino,48,SRE II,SUN,8/31/2023 12:00:00 AM,0,-117.548963027,35.0089649
4256,S0828,Baldy Mesa,0,S-Power (Sustainable Power Group),San Bernardino,150,Unit 1,SUN,4/30/2024 12:00:00 AM,0,-117.449957068,34.6048259250001
4257,S0790,Arica Solar,0,Clearway Energy,Riverside,265,Unit 1,SUN,10/17/2023 12:00:00 AM,0,-115.280556,33.724722
4258,S0791,Victory Pass,0,Clearway Energy,Riverside,200,Unit 1,SUN,10/17/2023 12:00:00 AM,0,-115.282222,33.7244440000001
4259,S0805,West Valley,0,S-Power (Sustainable Power Group),Riverside,1,WEST,SUN,9/27/2012 12:00:00 AM,0,-117.010899237,33.7197242820001
4260,S0806,Winchester,0,S-Power (Sustainable Power Group),Riverside,1,Unit 1,SUN,9/10/2012 12:00:00 AM,0,-117.085913213,33.702368854
4261,S0388,Ladera Ranch I,0,San Diego Gas & Electric,San Diego,0.05,1,SUN,7/24/2007 12:00:00 AM,0,-117.62999882,33.556392079
4262,S0611,UCR West Campus PV Project,0,Not Available,Riverside,2.98,Unit 1,SUN,1/1/2017 12:00:00 AM,0,-117.332183919,33.9692404800001
4263,B0012,Los Angeles Air Force Base BESS,0,Not Available,Riverside,0.53,Unit 1,BAT,12/18/2015 12:00:00 AM,0,-117.382420875,33.9223992030001
4264,B0014,Riverside RWQCP Fuel Cell (Now F0001),0,Fuel Cell Energy,Riverside,1.4,MB20,OBG,9/1/2016 12:00:00 AM,0,-117.455215988,33.962561667
4265,E0315,Riverside Water Quality Control Plant (retired 12/31/2016) (formerly G1035),1,City of Riverside Regional Water Control Plant,Riverside,0,"Cogen 1, Cogen 2, Cogen 3, Fuel Cell",OBG,1/1/2000 12:00:00 AM,0,-117.455132069,33.9624684240001
4266,F0001,Riverside RWQCP Fuel Cell,0,Fuel Cell Energy,Riverside,1.4,MB20,OBG,9/1/2016 12:00:00 AM,0,-117.455360514,33.9625336940001
4267,B0005,Mira Loma BESS A,0,Not Available,San Bernardino,10,Unit 1,BAT,12/30/2016 12:00:00 AM,0,-117.560902236,34.0066126410001
4268,B0006,Mira Loma BESS B,0,Not Available,San Bernardino,10,Unit 1,BAT,12/30/2016 12:00:00 AM,0,-117.560714258,34.0066096580001
4269,B0007,AltaGas Pomona Energy Storage,0,Ormat,San Bernardino,20,Unit 1,BAT,12/31/2016 12:00:00 AM,0,-117.741523037,34.071357236
4270,B0004,Millikan Avenue BESS,0,Not Available,Orange,2,Unit 1,BAT,1/4/2017 12:00:00 AM,0,-117.831447131,33.6903891530001
4271,B0016,UCI Fuel Cell (Now F0003),0,Fuel Cell Energy,Orange,1.4,MB16,NG,12/15/2015 12:00:00 AM,0,-117.888370786,33.7869234140001
4272,G1071,Kaiser Permanente,0,Not Available,Orange,2.2,Unit 1,NG,1/1/2017 12:00:00 AM,0,-117.845721261,33.851117378
4273,G1070,AT&T Services Inc,0,Not Available,Orange,1.25,Unit 1,NG,1/1/2017 12:00:00 AM,0,-117.917091256,33.8365240950001
4274,S0610,Anaheim Convention Center,0,Not Available,Orange,2.4,Unit 1,SUN,1/1/2017 12:00:00 AM,0,-117.921341138,33.8005581310001
4275,G0401,O'Brien California Cogen Ltd,0,NRG Operating Services Co,Los Angeles,0,1,NG,1/1/2000 12:00:00 AM,0,-118.086776538,33.874719332
4276,G9900,AT&T Services Inc.,0,Not Available,Los Angeles,1,1,NG,1/1/2013 12:00:00 AM,0,-118.290648882,33.875006845
4277,G0544,Santa Monica Loews Hotel Cogen - Retired February 2000,1,Strategic Hotel Capital Inc,Los Angeles,0,Unit 1,NG,1/1/1990 12:00:00 AM,0,-118.492717538,34.0088850230001
4278,G9903,CBS Television City,0,Not Available,Los Angeles,1.75,1,NG,1/1/2013 12:00:00 AM,0,-118.358698092,34.0750843650001
4279,G9901,AT&T Services Inc.,0,Not Available,Los Angeles,1.05,1,NG,1/1/2013 12:00:00 AM,0,-118.455879885,34.1516948340001
4280,G9902,CBS Studio Center (Radford Plaza),0,Not Available,Los Angeles,1.2,1,NG,1/1/2013 12:00:00 AM,0,-118.392032785,34.1449034710001
4281,B0017,Glendale Battery Energy Storage (G2BESS),0,City of Glendale,Los Angeles,2,Unit 1,BAT,10/1/2017 12:00:00 AM,0,-118.283663136,34.1623704960001
4282,S0804,Sun Valley 1,0,S-Power (Sustainable Power Group),Los Angeles,1.88,W7188,SUN,12/20/2018 12:00:00 AM,0,-118.372279291,34.2404024950001
4283,S0380,Heliocentric - Heliocentric LLC,0,Heliocentric LLC,Los Angeles,0,Unit 1,SUN,1/1/2000 12:00:00 AM,0,-118.013962753,34.6594370060001
4284,S0744,SEPV Sierra,0,B2U Storage Solutions,Los Angeles,3,Unit 1,SUN,4/28/2020 12:00:00 AM,0,-118.135683354,34.7311959530001
4285,S0788,BigBeau Solar,0,EDF Renewable Energy Inc,Kern,128,Unit 1,SUN,12/27/2022 12:00:00 AM,0,-118.323735476,34.9876141660001
4286,S0729,Antelope Expansion 1B,0,S-Power (Sustainable Power Group),Los Angeles,17,Unit 1,SUN,11/30/2022 12:00:00 AM,0,-118.255413161,34.7674368840001
4287,S0803,Estrella,0,S-Power (Sustainable Power Group),Los Angeles,56,ESPV,SUN,12/29/2023 12:00:00 AM,0,-118.292097985,34.8181714500001
4288,S0807,Raceway AV,0,S-Power (Sustainable Power Group),Los Angeles,125,Unit 1,SUN,3/27/2024 12:00:00 AM,0,-118.285818343,34.842841612
4289,B0003,Yerba Buena Battery,0,Not Available,Santa Clara,4.8,Unit 1,BAT,1/21/2016 12:00:00 AM,0,-121.75524835,37.3004353540001
4290,G0247,Red Top Cogeneration Project LP,0,Red Top Cogeneration Proj LP,Merced,0,1,NG,1/1/2000 12:00:00 AM,0,-122.157288743,38.205303363
4291,G0291,Kern,1,Pacific Gas & Electric (PG&E),Kern,0,1,NG,1/1/2000 12:00:00 AM,0,-119.018812366,35.373329009
4292,G0364,Mobile GT,0,Pacific Gas & Electric (PG&E),Mendocino,0,1,NG,1/1/2000 12:00:00 AM,0,-123.810913573,39.444974556
4293,G0790,SMUD HQ**,1,Sacramento Municipal Utility District (SMUD),Sacramento,0,1,NG,1/1/2000 12:00:00 AM,0,-121.495545114,38.577164166
4294,H0072,Collierville/Spicer Meadow (See individual plants - not used),0,Northern California Power Agency,Calaveras,249.1,"1, 2, 3, 4, 5, 6",WAT,2/1/1990 12:00:00 AM,0,-120.472989854,38.090569519
4295,H0411,Rincon,0,City of Escondido,San Diego,0,1,WAT,1/1/2000 12:00:00 AM,0,-117.034175556,33.2183412200001
4296,H0455,San Luis Obispo 1,0,California Department of Water Resources,San Luis Obispo,0,1,WAT,1/1/2015 12:00:00 AM,0,-120.65996139,35.282605588
4297,H0461,Santa Ana 2 (Non-operational),1,Southern California Edison (SCE),San Bernardino,0,"1, 2",WAT,5/1/1905 12:00:00 AM,0,-117.186897968,34.1134898990001
4298,H0544,Browns Valley (Rated 0.995MW) NO REPORT REQUIRED,0,Browns Valley Irrigation District,Yuba,1.3,1,WAT,6/29/1984 12:00:00 AM,0,-121.470557609,39.2255211130001
4299,H0571,U-S Wolf Creek (Less than 1MW),0,Nevada Irrigation District,Nevada,0,1,WAT,1/1/2000 12:00:00 AM,0,-121.020178839,39.262312761
4300,S0371,SCE - Isis,0,Not Available,Kern,0,1,SUN,1/1/2000 12:00:00 AM,0,-119.69287572,35.616148778
4301,S0456,Kern Solar Ranch,0,Clearlight Energy,Kern,0,,,,0,-119.6927685,35.616148778
4302,S9188,Placer Solar,0,Not Available,Fresno,20,Unit 1,SUN,5/1/2015 12:00:00 AM,0,-119.785846574,36.73164962
4303,S9999,CAISO Gen-Tie Solar Dynamically Scheduled,0,Not Available,ALL,92,Solar PV,SUN,3/16/2016 12:00:00 AM,0,-121.334682575,38.4305271370001
4304,T0008,Coldwater Creek (closed 1998),1,Sacramento Municipal Utility District (SMUD),Sonoma,0,1,GEO,1/1/1998 12:00:00 AM,0,-122.457820159,38.2919513430001
4305,W0486,Wind Wall Monolith I,0,Eolus Vind,Kern,19.85,WPRS 1,WND,3/31/2021 12:00:00 AM,0,-118.435400027,35.140360081
4306,W0487,Wind Wall Monolith II,0,Eolus Vind,Kern,23.66,WPRS 1,WND,3/31/2021 12:00:00 AM,0,-118.432795213,35.1399185870001
4307,S0736,Lake Herman Solar (CAISO),0,Not Available,Solano,5,Unit 1,SUN,9/23/2021 12:00:00 AM,0,-122.131150914,38.090643212
4308,S0760,Byron Highway Solar (CAISO),0,Not Available,Contra Costa,5,Unit 1,SUN,11/23/2022 12:00:00 AM,0,-121.617315443,37.8470089090001
4309,S0772,Central 40 (CAISO),0,Not Available,Stanislaus,40,Unit 1,SUN,2/23/2021 12:00:00 AM,0,-121.111414501,37.2488647540001
4310,S0762,Merced 1 (CAISO),0,Not Available,Merced,3,Unit 1,SUN,4/12/2018 12:00:00 AM,0,-120.878593415,36.9894683420001
4311,E0310,Clapper Rail Plant 1 (CAISO),0,Not Available,Madera,2,Unit 1,OBG,10/1/2021 12:00:00 AM,0,-120.372860316,37.015944812
4312,S0758,Madera 1 (CAISO),0,Not Available,Madera,1.5,Unit 1,SUN,12/29/2017 12:00:00 AM,0,-120.167244804,37.056186778
4313,S0773,Luciana (CAISO),0,Not Available,Tulare,55.9,Unit 1,SUN,4/29/2022 12:00:00 AM,0,-120.124938052,36.9242495070001
4314,S0745,Lotus Solar Farm (CAISO),0,Not Available,Madera,50,Unit 1,SUN,5/30/2020 12:00:00 AM,0,-119.955937694,36.940830438
4315,H0632,Kings River Syphon (CAISO),0,Not Available,Fresno,1.3,Unit 1,WAT,9/1/1990 12:00:00 AM,0,-119.442778667,36.7649730040001
4316,E0319,Still Water Ranch Dairy (CAISO),0,Not Available,Kings,1,Unit 1,OBG,4/1/2023 12:00:00 AM,0,-119.524223674,36.39873169
4317,E0313,Tulare BioMAT Fuel Cell (CAISO),0,Not Available,Tulare,2.8,Unit 1,OBG,12/20/2019 12:00:00 AM,0,-119.372024492,36.1837022190001
4318,E0311,Hanford Digester Genset 3 (CAISO),0,Not Available,Kings,1.1,Unit 1,OBG,7/1/2019 12:00:00 AM,0,-119.689241502,36.1859439400001
4319,E0312,Hanford Digester Genset 2 (CAISO),0,Not Available,Kings,1.02,Unit 1,OBG,7/1/2019 12:00:00 AM,0,-119.689267116,36.1851755330001
4320,S0771,Mustang Two (CAISO),0,Not Available,Kings,150,"Unit 1, Unit 2",SUN,11/11/2020 12:00:00 AM,0,-119.894007864,36.2231596550001
4321,S0810,Fifth Standard Solar,0,RWE Clean Energy,Fresno,150,Unit 1,SUN,9/30/2023 12:00:00 AM,0,-120.112521588,36.160470015
4322,E0316,Tajiguas Biogas Engines (CAISO),0,Not Available,Santa Barbara,1.99,Unit 1,OBG,6/24/2022 12:00:00 AM,0,-120.130788796,34.4824230670001
4323,S0770,Eagle Creek (CAISO),0,Not Available,Kern,3,Unit 1,SUN,12/21/2019 12:00:00 AM,0,-119.395069464,35.2139116590001
4324,S0817,Trona Solar III (CAISO),0,Not Available,Inyo,2,Unit 1,SUN,4/13/2023 12:00:00 AM,0,-117.355629497,35.7971558950001
4325,S0754,Sunshine Valley Solar 1 (CAISO) (NV),0,Not Available,Nye,100,Unit 1,SUN,12/18/2019 12:00:00 AM,0,-116.484623498,36.4859700100001
4326,G1081,Procter and Gamble Oxnard I (duplicate of G0468),0,,Ventura,19.9,Unit 1,NG,8/1/2020 12:00:00 AM,0,-119.138345899,34.208980323
4327,H0631,Springville Hydroelectric Generator (CAISO),0,Not Available,Ventura,1,Unit 1,WAT,4/19/2016 12:00:00 AM,0,-119.0859259,34.225405306
4328,S0741,Silver Ridge Mount Signal 2 (CAISO),0,Not Available,Imperial,150,Unit 1,SUN,12/6/2019 12:00:00 AM,0,-115.581597431,32.668604949
4329,S0738,Blue Hornet Solar (CAISO),0,Not Available,Imperial,100,Unit 1,SUN,11/4/2022 12:00:00 AM,0,-115.671661959,32.6840463230001
4330,S0824,Ocotillo Wells (Hybrid) (CAISO),0,Not Available,San Diego,50,Unit 1,SUN,9/1/2023 12:00:00 AM,0,-116.085288539,33.0843484390001
4331,S0812,Lockhart Solar 1 PV (CAISO),0,Not Available,San Bernardino,85,Unit 1,SUN,7/18/2023 12:00:00 AM,0,-117.328671823,35.019036553
4332,S0813,Lockhart Solar 2 (CAISO),0,Not Available,San Bernardino,75,Unit 1,SUN,7/26/2023 12:00:00 AM,0,-117.336082109,35.014775639
4333,S0816,Sheep Creek (CAISO),0,Not Available,San Bernardino,3,Unit 1,SUN,7/28/2023 12:00:00 AM,0,-117.579207339,34.5790034610001
4334,E0317,San Bernardino Biogas (CAISO),0,Not Available,San Bernardino,2.6,Unit 1,OBG,6/30/2023 12:00:00 AM,0,-117.347021483,34.1731555980001
4335,S0819,Los Alamitos 1 (Hybrid) (CAISO),0,Not Available,Orange,10,Unit 1,SUN,11/10/2023 12:00:00 AM,0,-118.051750837,33.798481399
4336,S0820,Los Alamitos 2 (Hybrid) (CAISO),0,Not Available,Orange,10,Unit 1,SUN,11/10/2023 12:00:00 AM,0,-118.052142101,33.798499183
4337,E0318,LB Trigen Fuel Cell 1 (CAISO),0,Not Available,Los Angeles,2.8,Unit 1,OBG,10/27/2023 12:00:00 AM,0,-118.22038223,33.778181515
4338,S0815,Arrache 8083 (CAISO),0,Not Available,Los Angeles,4,Unit 1,SUN,6/28/2023 12:00:00 AM,0,-118.053461995,34.6544161790001
4339,S0814,Arrache 4013 (CAISO),0,Not Available,Los Angeles,1.5,Unit 1,SUN,12/8/2023 12:00:00 AM,0,-118.061984986,34.6470805800001
4340,S0739,Sanborn Solar 2 (CAISO),0,Not Available,Kern,132,Unit 1,SUN,12/16/2022 12:00:00 AM,0,-118.102348172,34.9641965280001
4341,S0823,Sanborn Solar 2 Edwards 5 (Hybrid) (CAISO),0,Not Available,Kern,116,Unit 1,SUN,11/17/2023 12:00:00 AM,0,-118.089258643,34.964374374
4342,S0776,EdSan 2 Edwards 1A (Hybrid) (CAISO),0,Not Available,Kern,166,Unit 1,SUN,8/27/2022 12:00:00 AM,0,-118.116700414,34.964160959
4343,S0777,EdSan 2 Edwards 3 (Hybrid) (CAISO),0,Not Available,Kern,24,Unit 1,SUN,12/30/2021 12:00:00 AM,0,-118.124792447,34.962809324
4344,S0778,EdSan 2 (Hybrid) (CAISO),0,Not Available,Kern,151,Unit 1,SUN,4/2/2022 12:00:00 AM,0,-118.089462588,34.9734858580001
4345,S0751,Edsan 2 Edwards Sanborn E1B (CAISO),0,Not Available,Kern,166,Unit 1,SUN,11/20/2022 12:00:00 AM,0,-118.133938038,35.0271031880001
4346,S0752,EdSan 2 Sanborn 3 (CAISO),0,Not Available,Kern,42,Unit 1,SUN,4/13/2022 12:00:00 AM,0,-118.132988234,35.022829067
4347,S0753,Sanborn Solar 2 Edwards Sanborn S4 (CAISO),0,Not Available,Kern,36,Unit 1,SUN,10/31/2022 12:00:00 AM,0,-118.126678817,35.0177408270001
4348,S0782,EdSan 1 Edwards 1 (Hybrid) (CAISO),0,Not Available,Kern,51,Unit 1,SUN,4/13/2022 12:00:00 AM,0,-118.121929794,35.0140094500001
4349,S0737,Antelope Solar 1B (CAISO) (duplicate of S0729),0,Not Available,Los Angeles,17,Unit 1,SUN,11/23/2022 12:00:00 AM,0,-118.169492794,34.6691263540001
4350,S0809,Horn (CAISO),0,Not Available,Los Angeles,1.5,Unit 1,SUN,8/22/2023 12:00:00 AM,0,-118.274712694,34.7223515470001
4351,S0822,Willy 9 Chap (Hybrid) (CAISO),0,Not Available,Kern,174,Unit 1,SUN,3/8/2023 12:00:00 AM,0,-118.330391212,34.865266994
4352,S0746,Rosamond West Solar Clean (CAISO),0,Not Available,Kern,40,Unit 1,SUN,12/21/2020 12:00:00 AM,0,-118.384686502,34.851525005
4353,S0747,Rosamond West Solar East Bay 3 (CAISO),0,Not Available,Kern,56,Unit 1,SUN,12/21/2020 12:00:00 AM,0,-118.384075914,34.8413485250001
4354,S0748,Rosamond West Solar East Bay 4 (CAISO),0,Not Available,Kern,56,Unit 1,SUN,12/21/2020 12:00:00 AM,0,-118.374577865,34.8592591290001
4355,S0749,Rosamond West Solar Palo Alto (CAISO),0,Not Available,Kern,26,Unit 1,SUN,12/21/2020 12:00:00 AM,0,-118.374510023,34.8463689210001
4356,S0750,Rosamond West Solar Rosie X (CAISO),0,Not Available,Kern,13.6,Unit 1,SUN,12/21/2020 12:00:00 AM,0,-118.365690407,34.8525426520001
4357,H0628,Clover Creek (CAISO),0,Not Available,Shasta,1,Unit 1,WAT,5/6/2016 12:00:00 AM,0,-122.042539508,40.6846443520001
4358,H0629,Mill & Sulphur Creek Hydro (CAISO),0,Not Available,Humboldt,1,Unit 1,WAT,2/23/1988 12:00:00 AM,0,-123.607081503,40.4923376460001
4359,H0630,Vecino Vineyards LLC (CAISO),0,Not Available,Mendocino,1.3,Unit 1,SUN,3/27/1990 12:00:00 AM,0,-123.112991307,39.321921896
4360,S0740,High 5 Solar (CAISO) (duplicate of S0725),0,,San Bernardino,100,Unit 1,SUN,8/9/2021 12:00:00 AM,0,-117.323620853,34.511654999
4361,S0743,Kramer Junction 9 (CAISO) (duplicate of S0073),0,,San Bernardino,92,Unit 1,SUN,4/23/2021 12:00:00 AM,0,-117.317265746,35.0060699750001
4362,S0755,Windhub Solar A (CAISO),0,Not Available,Kern,20,Unit 1,SUN,12/18/2019 12:00:00 AM,0,-118.172865591,35.0233124220001
4363,S0756,Sun Streams Solar 2 (duplicate of S0730),0,,Maricopa,150,Unit 1,SUN,6/25/2021 12:00:00 AM,0,-118.220699743,33.820988766
4364,S0761,Lancaster Psomas PV (CAISO) (duplicate of S9233 and S9234),0,,Los Angeles,3,Unit 1,SUN,7/25/2022 12:00:00 AM,0,-118.144524628,34.6975418540001
4365,S0764,Antelope Valley Solar (CAISO),0,Not Available,Los Angeles,3,Unit 1,SUN,2/4/2019 12:00:00 AM,0,-118.144507301,34.697415613
4366,S0759,Caliente Solar 2 (CAISO),0,Not Available,Riverside,1,Unit 1,SUN,5/18/2018 12:00:00 AM,0,-116.510109426,33.9614321010001
4367,S0765,Hazel A (CAISO),0,Not Available,Kern,3,Unit 1,SUN,11/11/2019 12:00:00 AM,0,-117.960123568,35.1284158340001
4368,S0769,Winter Wheat Solar Farm (CAISO),0,Not Available,Fresno,1.5,Unit 1,SUN,5/11/2019 12:00:00 AM,0,-120.189194119,36.6073638940001
4369,S0780,Rabbitbrush Solar 1 (Hybrid) (CAISO),0,Not Available,Kern,60,Unit 1,SUN,10/18/2022 12:00:00 AM,0,-118.193283859,34.8638676950001
4370,S0781,Rabbitbrush Solar 2 (Hybrid) (CAISO),0,Not Available,Kern,40,Unit 1,SUN,10/18/2022 12:00:00 AM,0,-118.192764878,34.8638532790001
4371,S0783,EdSan 2 Sanborn 3 (Hybrid) (Duplicate of S0752),0,,Kern,42,Unit 1,SUN,4/13/2022 12:00:00 AM,0,-118.180979737,35.0231178010001
4372,S0784,SLATE_2 (Hybrid) (CAISO) (Duplicate of S0724),0,,Kings,93,Unit 1,SUN,3/15/2022 12:00:00 AM,0,-119.957421647,36.1818530240001
4373,S0785,SLATE_3 (Hybrid) (CAISO) (Duplicate of S0724),0,,Kings,67.5,Unit 1,SUN,3/15/2022 12:00:00 AM,0,-119.957615719,36.1820302450001
4374,S0786,SLATE_4 (Hybrid) (CAISO) (Duplicate of S0724),0,,Kings,63,Unit 1,SUN,3/15/2022 12:00:00 AM,0,-119.957431374,36.1818597010001
4375,S0787,Slate 5 (Hybrid) (CAISO) (Duplicate of S0724),0,,Kings,26,Unit 1,SUN,3/15/2022 12:00:00 AM,0,-119.957227576,36.1816758030001
4376,S0808,Chestnut Westside PV (Casatanea),0,CIM Group,Kings,150,Unit 1,SUN,12/14/2023 12:00:00 AM,0,-119.783603143,36.3033549210001
4377,S0811,Westlands Almond (CAISO),0,Not Available,Kings,20,Unit 1,SUN,9/26/2023 12:00:00 AM,0,-119.783542382,36.3031176640001
4378,S0818,Westlands Solar Blue,0,CIM Group,Kings,250,Unit 1,SUN,12/13/2023 12:00:00 AM,0,-119.783478728,36.3029122350001
4379,G0178,Downieville,1,Pacific Gas & Electric (PG&E),Sierra,0,1,NG,1/1/2000 12:00:00 AM,0,-120.828004998,39.5604005170001
4380,S0757,Antelope Solar 3B (CAISO) (duplicate of S0717),0,,Los Angeles,5,Unit 1,SUN,6/22/2021 12:00:00 AM,0,-118.144511395,34.6974666880001
4381,S0829,Yellow Pine Solar II LLC (NV),0,NextEra Energy Resources LLC,Clark,65,Unit 1,SUN,6/4/2024 12:00:00 AM,0,-115.851159518,35.9809414640001
4382,S0830,Proxima Solar LLC,0,NextEra Energy Resources LLC,Stanislaus,190,Unit 1,SUN,6/11/2024 12:00:00 AM,0,-121.075153934,37.3913407920001
4383,S0831,Paulsell Solar (Crow Creek Solar),0,NextEra Energy Resources LLC,Stanislaus,20,Unit 1,SUN,8/1/2024 12:00:00 AM,0,-121.063996216,37.3842114120001
4384,E0320,Hyperion Treatment Plant CHP Plant,0,Hyperion Water Reclamation Plant,Los Angeles,33,"CTG 1, CTG 2, STG 1",OBG,4/1/2017 12:00:00 AM,0,-118.431051792,33.924144169
4385,W0489,New Mesa,0,Not Available,Riverside,33.6,WPRS 1,WND,6/19/2024 12:00:00 AM,0,-116.687281269,33.93134516
4386,S0140,Five Points Solar Station,0,Pacific Gas & Electric (PG&E),Fresno,15,Unit 1,SUN,10/24/2011 12:00:00 AM,0,-120.107507216,36.3950065870001
4387,S0563,Westside Solar LLC,0,Whitney Point Solar,Fresno,20,Unit 1,SUN,3/8/2017 12:00:00 AM,0,-120.136150994,36.3817484320001
4388,S0564,Whitney Point Solar LLC,0,Whitney Point Solar,Fresno,20,Unit 1,SUN,4/14/2017 12:00:00 AM,0,-120.136326598,36.3750812120001
4389,S9018,Warmer Packing LLC,0,Not Available,Kings,1,1,SUN,1/1/2012 12:00:00 AM,0,-119.741843909,36.403326427
4390,S0517,Sequoia PV2,0,CD Arevon USA Inc.,Tulare,3,Hanford 1&2,SUN,8/29/2014 12:00:00 AM,0,-119.630804612,36.3064720150001
4391,S9033,Jackson Michael,0,Not Available,Fresno,1,1,SUN,1/1/2012 12:00:00 AM,0,-119.60868408,36.471758907
4392,S9076,George Jackson,0,Not Available,Fresno,1,1,SUN,1/1/2012 12:00:00 AM,0,-119.61294115,36.467041904
4393,S0222,RE North Face,0,"RE-VFO, LLC",Tulare,1,1,SUN,4/1/2009 12:00:00 AM,0,-119.40077663,36.3544619520001
4394,S0633,Visalia USD El Diamante HS,0,Tesla Inc.,Tulare,1.01,93210617-CA,SUN,5/25/2017 12:00:00 AM,0,-119.348656701,36.3059959500001
4395,S9038,Beret & Kees Jan De Jong,0,Not Available,Tulare,1,1,SUN,1/1/2012 12:00:00 AM,0,-119.345838982,36.472249429
4396,E0101,MM Tulare Energy LLC,0,MM Tulare LLC,Tulare,1.8,Gen 1-2,LFG,5/1/1998 12:00:00 AM,0,-119.394495137,36.3884395200001
4397,G0288,Kaweah Delta District Hospital,0,Kaweah Delta Hospital,Tulare,3.5,1,NG,1/1/1984 12:00:00 AM,0,-119.296370142,36.3280164500001
4398,S0348,Ivanhoe Solar,0,Altus Power,Tulare,3.5,IS,SUN,1/17/2014 12:00:00 AM,0,-119.255181313,36.3873530660001
4399,S0516,Farmersville (Formerly Sequoia PV1),0,CD Arevon USA Inc.,Tulare,4.5,"Farmersville 1, Farmersville 2, Farmersville 3, Farmersville123, Tulare1&2",SUN,8/20/2014 12:00:00 AM,0,-119.213900818,36.318379355
4400,S0693,Tulare (Formerly Sequoia PV1),0,CD Arevon USA Inc.,Tulare,3,"Tulare 1, Tulare 2",SUN,1/1/2019 12:00:00 AM,0,-119.213239684,36.3185481740001
4401,H0262,Terminus Hydroelectric Project,0,Kaweah River Power Authority,Tulare,20,1,WAT,3/16/1990 12:00:00 AM,0,-119.006960262,36.4154376920001
4402,H0259,Kaweah 1,0,Southern California Edison (SCE),Tulare,1,1,WAT,5/1/1990 12:00:00 AM,0,-118.861923187,36.4652557900001
4403,H0260,Kaweah 2,0,Southern California Edison (SCE),Tulare,1.8,2,WAT,9/1/1929 12:00:00 AM,0,-118.879806337,36.461567535
4404,H0116,Cottonwood,0,Los Angeles Department of Water & Power (LADWP),Inyo,2.8,"Unit 1, Unit 2",WAT,11/1/1908 12:00:00 AM,0,-118.043554214,36.4434689930001
4405,S9028,CSU Monterey Bay - PV,0,Not Available,Monterey,1,1,SUN,1/1/2012 12:00:00 AM,0,-121.789048226,36.6477504640001
4406,S9063,Community Hospital of Monterey Peninsula,0,Not Available,Monterey,1,1,SUN,1/1/2012 12:00:00 AM,0,-121.913274262,36.57971873
4407,S9071,Salinas Valley Memorial Hospital,0,Not Available,Monterey,1,1,SUN,1/1/2012 12:00:00 AM,0,-121.647127237,36.6594173770001
4408,S9040,Wines US Inc. Constellation,0,Not Available,Monterey,1,1,SUN,1/1/2012 12:00:00 AM,0,-121.434017923,36.5033540410001
4409,E0255,Ameresco Johnson Canyon,0,Ameresco Inc,Monterey,1.42,Unit 1,LFG,11/23/2012 12:00:00 AM,0,-121.406131768,36.5331298070001
4410,W0457,Taylor Farms,0,See WPRS for details,Monterey,1,WPRS 1,WND,12/31/1989 12:00:00 AM,0,-121.451576101,36.505216225
4411,S0635,Panoche Valley Solar,0,RWE Clean Energy,San Benito,140,Unit 1,SUN,12/29/2017 12:00:00 AM,0,-120.888185545,36.6312738190001
4412,G0905,Wellhead Power Panoche LLC,0,Wellhead Services Inc,Fresno,49.9,1,NG,12/14/2001 12:00:00 AM,0,-120.579798136,36.654101509
4413,G0908,Panoche - CalPeak Power,0,PIC Energy,Fresno,49.62,3,NG,12/27/2001 12:00:00 AM,0,-120.57837364,36.6535357700001
4414,G0997,Panoche Energy Center,0,Panoche Energy Center LLC,Fresno,400,"CT-1, CT-2, CT-3, CT-4",NG,7/1/2009 12:00:00 AM,1,-120.584337147,36.6512950530001
4415,G0998,Midway LLC - Starwood Power - CalPeak Power,0,CalPeak Power LLC,Fresno,120,"Unit 1, Unit 2",NG,5/5/2009 12:00:00 AM,1,-120.580712511,36.6530165140001
4416,S0588,Buford Giffen Solar,0,Not Available,Fresno,20,Unit 1,SUN,6/16/2017 12:00:00 AM,0,-120.339147058,36.5534762610001
4417,S0178,Giffen Solar Station,0,Pacific Gas & Electric (PG&E),Fresno,10,1,SUN,6/30/2012 12:00:00 AM,0,-120.313610438,36.5296086700001
4418,S0312,Adams East  LLC,0,Onward Energy,Fresno,19,1,SUN,12/1/2014 12:00:00 AM,0,-120.385045904,36.6155305620001
4419,S0526,Tranquillity LLC,0,Southern Power Company,Fresno,200,TRQS1,SUN,7/28/2016 12:00:00 AM,0,-120.400614487,36.5779859290001
4420,S0605,Giffen Solar Park LLC,0,Stellar Power Renewable LLC,Fresno,20,W5512,SUN,5/22/2017 12:00:00 AM,0,-120.345299617,36.5483346980001
4421,S0616,Aspiration Solar,0,S-Power (Sustainable Power Group),Fresno,9,Unit 1,SUN,9/13/2017 12:00:00 AM,0,-120.345451239,36.548366554
4422,S0653,Great Valley Solar Portfolio (Tranquillity 8),0,Great Valley Solar Portfolio Holdings LLC,Fresno,200,"Amarillo, Azul, Rojo, Verde",SUN,12/26/2017 12:00:00 AM,0,-120.383269626,36.578348127
4423,G0904,Fresno Cogeneration Partners  LP PKR,0,Wellhead Services Inc,Fresno,21.3,UNIT 3,NG,8/16/2001 12:00:00 AM,0,-120.099883466,36.6170139290001
4424,S0139,Stroud Solar Station,0,Pacific Gas & Electric (PG&E),Fresno,20,Unit 1,SUN,10/26/2011 12:00:00 AM,0,-120.123022103,36.523913646
4425,S0425,Fresno Solar South,0,Fresno Cogeneration,Fresno,1.5,Unit 1,SUN,10/1/2015 12:00:00 AM,0,-120.101740941,36.616061712
4426,S0426,Fresno Solar West,0,Fresno Cogeneration,Fresno,1.5,Unit 1,SUN,10/1/2015 12:00:00 AM,0,-120.104472915,36.6170036730001
4427,S0654,Summer Wheat,0,First Solar Electric (California) LLC,San Joaquin,18.5,Unit 1,SUN,12/10/2018 12:00:00 AM,0,-120.149463504,36.5255442980001
4428,G0384,Fresno Cogeneration Partners  LP,0,Wellhead Services Inc,Fresno,58.25,"UNIT 1, UNIT 2, UNIT 4",NG,12/1/1989 12:00:00 AM,0,-120.099418208,36.617087111
4429,S9012,Golden State Vintners,0,Not Available,Fresno,1,1,SUN,1/1/2012 12:00:00 AM,0,-119.922119476,36.672102812
4430,S9085,Fowler Packing Company Inc.,0,Not Available,Fresno,1,1,SUN,1/1/2012 12:00:00 AM,0,-119.752441316,36.613493061
4431,S9086,Fowler Packing Company Inc.,0,Not Available,Fresno,1,1,SUN,1/1/2012 12:00:00 AM,0,-119.753949936,36.6134577290001
4432,S9034,Maxco Supply Inc.,0,Not Available,Fresno,1,1,SUN,1/1/2012 12:00:00 AM,0,-119.523353703,36.6117348940001
4433,S9181,Kingsburg Solar (1 & 2),0,Altus Power,Fresno,3.7,"Unit 1, Unit 2",SUN,12/1/2013 12:00:00 AM,0,-119.571910513,36.546170837
4434,S9190,Pristine Sun Fund 10 Fresno PGE LLC_(2102_Christensen),0,Not Available,Fresno,1,Unit 1,SUN,12/31/2013 12:00:00 AM,0,-119.573446175,36.6544402690001
4435,G0286,Kingsburg Cogeneration,0,"KES Kingsburg LP, c/o Southwest Generation",Fresno,34.5,"GEN 1, GEN 2",NG,12/1/1990 12:00:00 AM,0,-119.579776558,36.5395102350001
4436,S9320,ImModo California 1 LLC_(Alta 1),0,Not Available,Tulare,1.5,Unit 1,SUN,12/31/2013 12:00:00 AM,0,-119.313767406,36.54122095
4437,S9321,ImModo California 1 LLC_(Alta 3),0,Not Available,Tulare,1.5,Unit 1,SUN,12/31/2013 12:00:00 AM,0,-119.313767406,36.54122095
4438,S9322,ImModo California 1 LLC_(Alta 4),0,Not Available,Tulare,1.5,Unit 1,SUN,12/31/2013 12:00:00 AM,0,-119.313767406,36.54122095
4439,S9323,ImModo California 1 LLC_(Alta 5),0,Not Available,Tulare,1.5,Unit 1,SUN,12/31/2013 12:00:00 AM,0,-119.313767406,36.54122095
4440,S9324,ImModo California 1 LLC_(Alta 6),0,Not Available,Tulare,1.5,Unit 1,SUN,12/31/2013 12:00:00 AM,0,-119.313767406,36.54122095
4441,S0302,Terzian,0,Pristine Sun LLC,Fresno,1.25,1,SUN,5/1/2014 12:00:00 AM,0,-119.415532971,36.668115227
4442,S9000,Ruiz Foods,0,Not Available,Tulare,1,1,SUN,1/1/2012 12:00:00 AM,0,-119.398281255,36.5398599230001
4443,S9060,City of Dinuba,0,S-Power (Sustainable Power Group),Tulare,1,1,SUN,1/1/2012 12:00:00 AM,0,-119.426103789,36.538392451
4444,E0033,Dinuba Energy (retired 7/9/2024),1,Community Renewable Energy Services Inc,Tulare,1,"1, DSPV",WDS,7/1/2003 12:00:00 AM,0,-119.418518321,36.5698019120001
4445,H0261,Kaweah 3,0,Southern California Edison (SCE),Tulare,4.8,1,WAT,5/1/1913 12:00:00 AM,0,-118.835427569,36.486051032
4446,S0621,Monterey Regional Water Pollution Control Agency,0,Tesla Inc.,Monterey,1.12,939009-CA,SUN,12/21/2010 12:00:00 AM,0,-121.768872255,36.7081838940001
4447,S9042,Pollution Control Monterey Reg'l Water,0,Not Available,Monterey,1,1,SUN,1/1/2012 12:00:00 AM,0,-121.801017019,36.6933029950001
4448,E0055,Monterey Regional Water Pollution Control Cogen,0,Monterey One Water,Monterey,1.74,"Unit 1, Unit 2, Unit 3",LFG,1/1/1991 12:00:00 AM,0,-121.767837301,36.70631052
4449,E0135,Marina Landfill Gas (Monterey Regional Waste Management Dst),0,Monterey Regional Waste Mgmt Dist,Monterey,5.6,"G4, LL1, U1, U2, U3, U4",LFG,3/1/1997 12:00:00 AM,0,-121.76772172,36.7137784780001
4450,G0372,Moss Landing Power Plant,0,Duke Energy Renewables,Monterey,1080,"1-GT1, 1-GT2, 1-ST, 2-GT1, 2-GT2, 2-ST, 6, 7",NG,12/10/1967 12:00:00 AM,1,-121.782698344,36.804715286
4451,G0589,Sunnyside Cogeneration Partners LP (Retired December 2008),1,Ridgewood Power Management LLC,Monterey,0,Gen 1-5,NG,5/1/1991 12:00:00 AM,0,-121.674815946,36.7364789860001
4452,E0144,Salinas - Closed August 2009,1,Pacific Recovery Corp,Monterey,0,1,LFG,12/1/1986 12:00:00 AM,0,-121.615593804,36.801812872
4453,S0304,San Benito Smart Park,0,Bay4 Energy Services LLC,San Benito,2,1,SUN,5/31/2014 12:00:00 AM,0,-121.404176735,36.832903576
4454,S0387,Enerparc CA1 LLC,0,"RC Energy Hollister, LLC",San Benito,1.5,Unit 1,SUN,6/16/2014 12:00:00 AM,0,-121.403848454,36.8313007190001
4455,S0428,Hollister Solar,0,Hollister Solar LLC,San Benito,1.5,Unit 1,SUN,4/1/2015 12:00:00 AM,0,-121.429022177,36.863313525
4456,S9061,City of Hollister,0,Not Available,San Benito,1,1,SUN,1/1/2012 12:00:00 AM,0,-121.445915077,36.8571762650001
4457,S0341,North Star Solar,0,Southern Power Company,Fresno,61.6,NSS1,SUN,6/19/2015 12:00:00 AM,0,-120.417627804,36.7302432220001
4458,S0423,Citizen Solar B,0,S-Power (Sustainable Power Group),Fresno,5,Unit 1,SUN,11/24/2015 12:00:00 AM,0,-120.429779789,36.721892585
4459,S0121,CalRENEW-1,0,Meridian Energy USA Inc,Fresno,5,CR1,SUN,4/9/2010 12:00:00 AM,0,-120.365876923,36.760473635
4460,E0050,Madera Power (retired 11/12/2024),1,Madera Power LLC,Madera,0,1,WDS,6/1/2001 12:00:00 AM,0,-120.33901223,36.8615065000001
4461,E0052,Covanta Mendota LP,0,Clean Energy Systems,Fresno,53,"1, Main",OGW,7/1/1989 12:00:00 AM,0,-120.365369049,36.7558187010001
4462,S0703,Little Bear Solar 1,0,Longroad Energy,Fresno,40,Unit 1,SUN,12/16/2020 12:00:00 AM,0,-120.399442319,36.7171775520001
4463,S0704,Little Bear Solar 3,0,Longroad Energy,Fresno,20,Unit 1,SUN,12/14/2020 12:00:00 AM,0,-120.392966413,36.7165478490001
4464,S0705,Little Bear Solar 4,0,Longroad Energy,Fresno,50,Unit 1,SUN,12/14/2020 12:00:00 AM,0,-120.410069442,36.7172449670001
4465,S0706,Little Bear Solar 5,0,Longroad Energy,Fresno,50,Unit 1,SUN,12/16/2020 12:00:00 AM,0,-120.400031419,36.7115221130001
4466,S0179,La Joya Del Sol,0,X-Elio North America Inc.,Fresno,1.5,1,SUN,10/31/2012 12:00:00 AM,0,-119.797523132,36.678533922
4467,S0658,Clovis USD High School,0,Tesla Inc.,Fresno,1.01,Unit 1,SUN,6/14/2018 12:00:00 AM,0,-119.680396706,36.8162553500001
4468,S9014,Grundfos Pumps,0,Not Available,Fresno,1,1,SUN,1/1/2012 12:00:00 AM,0,-119.688356081,36.7764350240001
4469,S9020,The Gap Inc,0,MN8 Energy,Fresno,2.42,1,SUN,1/1/2012 12:00:00 AM,0,-119.713208662,36.7837356950001
4470,S9026,CA State University Fresno,0,Not Available,Fresno,1,1,SUN,1/1/2012 12:00:00 AM,0,-119.741644964,36.810157578
4471,S9056,E&J Gallo Winery,0,Not Available,Fresno,1,1,SUN,1/1/2012 12:00:00 AM,0,-119.697855075,36.763876898
4472,S9126,Olam West Coast,0,Not Available,Fresno,1.4,1,SUN,1/1/2012 12:00:00 AM,0,-119.846220229,36.83863512
4473,S9143,Wawona Frozen Foods / Alluvial Project,0,Not Available,Fresno,2.2,1,SUN,1/1/2012 12:00:00 AM,0,-119.71163958,36.839120361
4474,S9144,Wawona Frozen Foods / Cedar Project,0,Not Available,Fresno,2.2,1,SUN,1/1/2012 12:00:00 AM,0,-119.753419059,36.7155983910001
4475,S9145,City of Fresno - Fresno Yosemite Airport,0,Not Available,Fresno,2.3,1,SUN,1/1/2012 12:00:00 AM,0,-119.710064689,36.7676541010001
4476,E0098,Rio Bravo Fresno,0,IHI Power Services Corp,Fresno,24.3,Unit 1,WDS,7/1/1988 12:00:00 AM,0,-119.723099728,36.6888339540001
4477,G0220,Malaga Peaking Plant,0,CalPeak Power LLC,Fresno,98,"1, 2",NG,6/1/2005 12:00:00 AM,0,-119.740412311,36.6898395000001
4478,G0518,Saint Agnes Medical Center,0,Saint Agnes Medical Center,Fresno,10.5,"1, 1&2",NG,4/1/2001 12:00:00 AM,0,-119.76683909,36.834403234
4479,S0632,Sanger USD Sanger High School,0,Tesla Inc.,Fresno,1.07,9366485-CA,SUN,1/27/2017 12:00:00 AM,0,-119.576875626,36.7001275850001
4480,S0659,Clovis USD East High School,0,Tesla Inc.,Fresno,1.01,Unit 1,SUN,4/15/2018 12:00:00 AM,0,-119.637783894,36.7986268240001
4481,G0536,Algonquin Power Sanger LLC,0,Clearlight Energy,Fresno,39.8,"GTG, STG",NG,11/1/1990 12:00:00 AM,0,-119.553094872,36.6841855440001
4482,H0387,Pine Flat,0,Kings River Conservation District,Fresno,165,"Unit 1, Unit 2, Unit 3",WAT,1/1/1984 12:00:00 AM,0,-119.327373636,36.83250995
4483,S9124,City of Santa Cruz Wastewater Treatment Plant,0,Not Available,Santa Cruz,1.3,1,SUN,1/1/2012 12:00:00 AM,0,-122.030806092,36.9617336860001
4484,E0132,Santa Cruz Energy LLC,0,OPAL Fuels,Santa Cruz,1.6,GEN 1,LFG,11/21/2009 12:00:00 AM,0,-122.105546446,36.9736028400001
4485,G0541,UC Santa Cruz Cogeneration,0,University of Cali Santa Cruz,Santa Cruz,6.4,"Fackler, PE, Unit 1, Solar",NG,7/1/1985 12:00:00 AM,0,-122.061664664,36.998929445
4486,G0661,Watsonville - (Non-Operational May 2011),1,Calpine Corporation - West Region,Santa Cruz,0,"WV1JT1, WV1ST1",NG,5/1/1990 12:00:00 AM,0,-121.768679126,36.911320055
4487,E0214,Ameresco Santa Cruz Energy,0,Ameresco Inc,Santa Cruz,3.18,"Unit 1, Unit 2, Unit 3",LFG,2/2/2006 12:00:00 AM,0,-121.811428766,36.9145038290001
4488,S9111,Indalex West Inc.  ABANDONED,1,Not Available,Santa Cruz,0,1,SUN,1/1/2012 12:00:00 AM,0,-121.778005087,36.895641831
4489,G0229,Gilroy Cogen Plant,0,Calpine Corporation - West Region,Santa Clara,123.4,"GI1CT1, GI1ST1",NG,3/1/1988 12:00:00 AM,1,-121.536666902,37.0001664160001
4490,G0822,Gilroy Peaker,0,Calpine Corporation - West Region,Santa Clara,141.9,"GI2JT1, GI2JT2, GI2JT3",NG,2/1/2002 12:00:00 AM,1,-121.536181384,36.9991507290001
4491,W0354,International Turbine Research Inc.,0,International Turbine Research,Merced,18.43,WPRS 1,WND,6/14/1988 12:00:00 AM,0,-121.180719691,37.051787394
4492,S0691,Wright Solar,0,Stellar Power Renewable LLC,Merced,200,W8785,SUN,1/3/2020 12:00:00 AM,0,-121.090244594,36.9745403900001
4493,S0337,Vega Solar,0,Longroad Energy,Merced,20,1,SUN,3/24/2015 12:00:00 AM,0,-120.805777882,36.928462316
4494,S9046,Almond Process Parreira,0,Not Available,Merced,1,1,SUN,1/1/2012 12:00:00 AM,0,-120.870989705,36.979871003
4495,S0586,CED Oro Loma 1 & 2,0,RWE Clean Energy,Fresno,20,Unit 1,SUN,1/26/2017 12:00:00 AM,0,-120.669510307,36.878518141
4496,S9048,City of Madera,0,Not Available,Madera,1,1,SUN,1/1/2012 12:00:00 AM,0,-120.156731307,36.940759364
4497,S9059,Madera Community Hospital,0,Not Available,Madera,1,1,SUN,1/1/2012 12:00:00 AM,0,-120.046193705,36.941373506
4498,H0198,Friant-Kern Hydro Facility (River Outlet  Madera Canal  F-K),0,Friant Power Authority,Madera,30.57,"FR1, M1, RO1",WAT,1/1/1986 12:00:00 AM,0,-119.7034413,36.9976864180001
4499,H0626,Quinten Luallen,0,Friant Power Authority,Madera,7.38,RO2,WAT,5/23/2017 12:00:00 AM,0,-119.707089745,37.002468521
4500,H0272,Kings River,0,Pacific Gas & Electric (PG&E),Fresno,52,Unit 597,WAT,3/7/1962 12:00:00 AM,0,-119.158747073,36.8881288000001
4501,H0019,Balch #1,0,Pacific Gas & Electric (PG&E),Fresno,34,Unit 587,WAT,2/20/1927 12:00:00 AM,0,-119.087798432,36.9090862260001
4502,H0020,Balch #2,0,Pacific Gas & Electric (PG&E),Fresno,108,"Unit 588, Unit 589",WAT,11/26/1958 12:00:00 AM,0,-119.087557536,36.9088850110001
4503,H0215,Haas,0,Pacific Gas & Electric (PG&E),Fresno,144,"Unit 591, Unit 592",WAT,12/23/1958 12:00:00 AM,0,-119.02015902,36.9274354840001
4504,H0229,Helms (Pumped Storage),0,Pacific Gas & Electric (PG&E),Fresno,1212,"Unit 936, Unit 937, Unit 938",WAT,6/30/1984 12:00:00 AM,0,-118.968287952,37.02934334
4505,H0142,Division Creek,0,Los Angeles Department of Water & Power (LADWP),Inyo,0.65,1,WAT,3/1/1909 12:00:00 AM,0,-118.282603507,36.939507297
4506,G0986,Backup Generation - Navy Regional Data Automation Center,1,Navy Public Works,San Diego,0,1TG,NG,1/1/1988 12:00:00 AM,0,-117.203324183,32.70235954
4507,E0120,Guadalupe Power Plant (Retired 2013),1,OPAL Fuels,Santa Clara,0,"Unit 1, Unit 2, Unit 3, Unit 4",LFG,4/1/1984 12:00:00 AM,0,-121.895334237,37.2143598910001
4508,G0794,Metcalf Energy Center,0,Calpine Corporation - West Region,Santa Clara,565.8,"MF1CT1, MF1CT2, MF1ST1",NG,6/1/2005 12:00:00 AM,1,-121.745992005,37.2207588200001
4509,S9041,Unified School District Morgan Hill,0,Not Available,Santa Clara,1,1,SUN,1/1/2012 12:00:00 AM,0,-121.635382698,37.149066286
4510,H0363,O'Neill (Pumping-Generating),0,United States Bureau of Reclamation,Merced,25.2,"UNIT 1, UNIT 2, UNIT 3, UNIT 4, UNIT 5, UNIT 6",WAT,11/1/1967 12:00:00 AM,0,-121.017198875,37.087307959
4511,H0452,W R Gianelli (Pumping-Generating),0,California Department of Water Resources,Merced,424,"1, 2, 3, 4, 5, 6, 7, 8",WAT,3/1/1967 12:00:00 AM,0,-121.077266755,37.0690947580001
4512,S0443,Quinto Solar PV Project,0,CD Arevon USA Inc.,Merced,108,Unit 1,SUN,11/25/2015 12:00:00 AM,0,-121.047657777,37.1193311170001
4513,S9050,Ingomar Packing Co.,0,Not Available,Merced,1,1,SUN,1/1/2012 12:00:00 AM,0,-120.958701524,37.149800398
4514,S0437,Sun Harvest Solar NDP1,0,SunHarvest Solar,Merced,1.5,Unit 1,SUN,5/1/2015 12:00:00 AM,0,-120.648537663,37.058274452
4515,E0007,Merced Power (El Nido),0,Global Ampersand LLC,Merced,12.5,Unit 1,WDS,8/15/2008 12:00:00 AM,0,-120.490492608,37.186998057
4516,G0896,Chowchilla II Peaker,0,California Power Holdings LLC,Madera,48,"Unit 1, Unit 10, Unit 11, Unit 12, Unit 13, Unit 14, Unit 15, Unit 16, Unit 2, Unit 3, Unit 4, Unit 5, Unit 6, Unit 7, Unit 8, Unit 9",NG,7/1/2001 12:00:00 AM,0,-120.248327653,37.1085767820001
4517,S0421,Adera Solar,0,Adera Solar LLC,Madera,20,Unit 1,SUN,12/1/2015 12:00:00 AM,0,-120.323966958,37.1210424110001
4518,E0018,Chowchilla II Biomass,0,Global Ampersand LLC,Madera,12.5,Unit 1,WDS,5/15/2008 12:00:00 AM,0,-120.248826834,37.10692033
4519,S9164,CA Dept of Corrections Chowchilla,0,Not Available,Madera,3,1,SUN,1/1/2013 12:00:00 AM,0,-120.151319158,37.088190506
4520,H0310,Madera Canal (Station 980  1174  1302  1923),0,Madera-Chowchilla Water Power Authority,Madera,3.74,980,WAT,2/1/1985 12:00:00 AM,0,-119.899640173,37.0568005330001
4521,H0034,Big Creek 4,0,Southern California Edison (SCE),Madera,100,1,WAT,9/1/1923 12:00:00 AM,0,-119.490011714,37.1390482480001
4522,H0265,Kerckhoff PH 1,0,Pacific Gas & Electric (PG&E),Fresno,25.2,"Unit 593, Unit 594, Unit 595",WAT,8/15/1920 12:00:00 AM,0,-119.552775512,37.092464057
4523,H0266,Kerckhoff PH 2,0,Pacific Gas & Electric (PG&E),Fresno,155,Unit 932,WAT,5/6/1983 12:00:00 AM,0,-119.558241641,37.0718529710001
4524,H0448,San Joaquin #1A,0,Pacific Gas & Electric (PG&E),Madera,0.43,1,WAT,3/1/1919 12:00:00 AM,0,-119.4940159,37.1588832530001
4525,H0449,San Joaquin #2,0,Pacific Gas & Electric (PG&E),Madera,2.88,1,WAT,9/1/1917 12:00:00 AM,0,-119.497462814,37.203265033
4526,H0570,Wishon Powerhouse,0,Pacific Gas & Electric (PG&E),Madera,12.8,"1, 2, 3, 4",WAT,9/1/1910 12:00:00 AM,0,-119.504718711,37.15101782
4527,H0028,Big Creek 2,0,Southern California Edison (SCE),Fresno,67.1,UNIT 1,WAT,11/26/1913 12:00:00 AM,0,-119.305465136,37.1991231800001
4528,H0030,Big Creek 2A,0,Southern California Edison (SCE),Fresno,98.5,UNIT 1,WAT,8/1/1928 12:00:00 AM,0,-119.306121158,37.1988487180001
4529,H0032,Big Creek 3,0,Southern California Edison (SCE),Fresno,177,UNIT 1,WAT,9/1/1923 12:00:00 AM,0,-119.386439691,37.148565234
4530,H0036,Big Creek 8,0,Southern California Edison (SCE),Fresno,64.5,UNIT 1,WAT,1/1/1921 12:00:00 AM,0,-119.328857195,37.209645295
4531,H0313,Mammoth Pool,0,Southern California Edison (SCE),Madera,187,UNIT 1,WAT,3/1/1960 12:00:00 AM,0,-119.337909647,37.220259222
4532,H0027,Big Creek 1,0,Southern California Edison (SCE),Fresno,82.9,UNIT 1,WAT,11/1/1913 12:00:00 AM,0,-119.239692259,37.2040592330001
4533,H0161,Eastwood (Pumped Storage),0,Southern California Edison (SCE),Fresno,199,UNIT 1,WAT,1/1/1988 12:00:00 AM,0,-119.256681775,37.1478311760001
4534,H0040,Big Pine,0,Los Angeles Department of Water & Power (LADWP),Inyo,3.2,Unit 1,WAT,7/1/1925 12:00:00 AM,0,-118.324224782,37.142161576
4535,S9135,Foothill - De Anza Community College District,0,Not Available,Santa Clara,1.6,1,SUN,1/1/2012 12:00:00 AM,0,-122.124738272,37.363142182
4536,S9136,Foothill College - Pv Capstone,0,Not Available,Santa Clara,1.7,1,SUN,1/1/2012 12:00:00 AM,0,-122.13028867,37.363691778
4537,G0080,Cardinal Cogen - Retired 3/31/2015,1,General Electric Contractual Services,Santa Clara,0,"GTG1, STG1",NG,12/1/1987 12:00:00 AM,0,-122.175774293,37.4299359190001
4538,G1047,San Jose-Santa Clara Regional Wastewater Facility,0,City of San Jose,Santa Clara,14,"CE-1, CE-2, CE-3, CE-4, E-2, E-3, E-5, EG-1, EG-2, EG-3",NG,2/1/1953 12:00:00 AM,0,-121.943014074,37.434078825
4539,S9005,Google Inc.,0,Not Available,Santa Clara,1,1,SUN,1/1/2012 12:00:00 AM,0,-122.084042573,37.4224406000001
4540,S9031,Google Inc.,0,Not Available,Santa Clara,1,1,SUN,1/1/2012 12:00:00 AM,0,-122.084477354,37.421448243
4541,S9058,West Valley Mission Community College,0,Not Available,Santa Clara,1,1,SUN,1/1/2012 12:00:00 AM,0,-122.012828278,37.264294932
4542,S9069,Network Appliance/Chevron Energy Solutions,0,Not Available,Santa Clara,1,1,SUN,1/1/2012 12:00:00 AM,0,-122.026109471,37.4151352000001
4543,S9075,Applied Materials Inc.,0,Not Available,Santa Clara,1,1,SUN,1/1/2012 12:00:00 AM,0,-122.004472783,37.3800203980001
4544,S9081,Ohlone Community College District,0,Not Available,Santa Clara,1,1,SUN,1/1/2012 12:00:00 AM,0,-121.980687106,37.4113706040001
4545,S9128,Network Appliance,0,Not Available,Santa Clara,1.4,1,SUN,1/1/2012 12:00:00 AM,0,-122.026155235,37.4159534030001
4546,S9134,City of Sunnyvale Wastewater Treatment Plant,0,Not Available,Santa Clara,1.6,1,SUN,1/1/2012 12:00:00 AM,0,-122.034920994,37.422607355
4547,S9149,Advanced Micro Decives,0,Not Available,Santa Clara,3,1,SUN,1/1/2012 12:00:00 AM,0,-121.999202647,37.386570836
4548,S9151,Spansion LLC,0,Not Available,Santa Clara,3,1,SUN,1/1/2012 12:00:00 AM,0,-122.005547408,37.3774795080001
4549,E0181,Sunnyvale Water Pollution Control Plant,0,City of Sunnyvale Water Pollution Control Plant,Santa Clara,1.6,"S-14, S-15",LFG,7/1/1997 12:00:00 AM,0,-122.015081789,37.4184805
4550,E0141,Santa Clara - Retired Dec 2005,1,Pacific Recovery Corp,Santa Clara,0,1,LFG,12/1/1986 12:00:00 AM,0,-121.970538218,37.413703436
4551,E0303,Zero Waste to Energy,0,Zero Waste to Energy Development Company,Santa Clara,1.6,Unit 1,LFG,1/1/2016 12:00:00 AM,0,-121.951246734,37.43466934
4552,G0114,Santa Clara Cogen,0,Silicon Valley Power,Santa Clara,7.8,"1, 2",NG,6/1/1982 12:00:00 AM,0,-121.944241226,37.364255217
4553,G0169,Donald Von Raesfeld Power Plant (DVR),0,Silicon Valley Power,Santa Clara,147,"CT1, CT2, SG",NG,11/1/2004 12:00:00 AM,1,-121.9509986,37.376958889
4554,G0228,Gianera,0,Silicon Valley Power,Santa Clara,64.3,"1, 2",NG,6/1/1986 12:00:00 AM,0,-121.968665036,37.4011427890001
4555,G0144,Altivity Packaging - Santa Clara - Retired December 2017,1,Graphic Packaging International Inc,Santa Clara,0,COGEN 1,NG,6/1/1986 12:00:00 AM,0,-121.944536784,37.3685909330001
4556,G0898,San Jose FMC,1,Pacific Gas & Electric (PG&E),Santa Clara,0,Unit 1,OIL,5/27/1997 12:00:00 AM,0,-121.92378147,37.3483975280001
4557,S9047,Airport Division City of San Jose,0,Not Available,Santa Clara,1,1,SUN,1/1/2012 12:00:00 AM,0,-121.922534899,37.365103645
4558,S9094,City of San Jose,0,Not Available,Santa Clara,1,1,SUN,1/1/2012 12:00:00 AM,0,-121.861618515,37.3178579070001
4559,S9095,City of Santa Clara,0,Not Available,Santa Clara,1,1,SUN,1/1/2012 12:00:00 AM,0,-121.921689508,37.3804411720001
4560,S9101,County of Santa Clara,0,Not Available,Santa Clara,1,1,SUN,1/1/2012 12:00:00 AM,0,-121.922541868,37.38105976
4561,S9103,County of Santa Clara,0,Not Available,Santa Clara,1.1,1,SUN,1/1/2012 12:00:00 AM,0,-121.921820803,37.3810449640001
4562,S9112,Independence HS,0,Not Available,Santa Clara,1.2,1,SUN,1/1/2012 12:00:00 AM,0,-121.859143996,37.3662304320001
4563,S9127,San Jose Evergreen Community College,0,Not Available,Santa Clara,1.4,1,SUN,1/1/2012 12:00:00 AM,0,-121.765924985,37.3039200470001
4564,S9172,Gridley Main Two,0,LIGHTBEAM POWER COMPANY GRIDLEY MAIN TWO LLC,Santa Clara,2.5,Unit 1,SUN,4/1/2013 12:00:00 AM,0,-121.915738831,37.3674013310001
4565,G0087,San Jose Cogeneration,0,San Jose State University,Santa Clara,7,"GEN1, GEN2",NG,12/1/1984 12:00:00 AM,0,-121.878318916,37.336108053
4566,G0221,Agnews Power Plant,0,Calpine Corporation - West Region,Santa Clara,30.5,"AG1JT1, AG1ST1",NG,4/1/1990 12:00:00 AM,0,-121.92705026,37.4111479100001
4567,G0121,San Jose Convention Center (Closed 2001),1,NO REPORT - San Jose Convention Center - NO REPORT,Santa Clara,0,1,NG,5/1/1990 12:00:00 AM,0,-121.889470916,37.327768807
4568,G0866,Los Esteros Critical Energy Facility,0,Calpine Corporation - West Region,Santa Clara,332,"LE1JT1, LE1JT1-RP, LE1JT2, LE1JT2-RP, LE1JT3, LE1JT3-RP, LE1JT4, LE1JT4-RP, LE1ST1",NG,3/1/2003 12:00:00 AM,1,-121.932154926,37.4252006290001
4569,S0459,Frontier Solar LLC (Crow Creek),0,Clenera - Renewable Energy,Stanislaus,20,1,SUN,6/7/2016 12:00:00 AM,0,-121.149083094,37.3677966720001
4570,E0150,Stanislaus Resource Recovery Facility,0,Covanta Stanislaus Inc,Stanislaus,24,UNIT 1,MSW,1/1/1989 12:00:00 AM,0,-121.140914153,37.385362754
4571,S9035,E & J Gallo Winery,0,Not Available,Merced,1,1,SUN,1/1/2012 12:00:00 AM,0,-120.810810964,37.376426585
4572,E0043,J R Wood Incorporated - Retired December 2004,1,Dole Packaged Frozen Foods,Merced,0,GEN1,NG,1/1/1992 12:00:00 AM,0,-120.629048355,37.361573949
4573,G0283,JRW Associates LP,1,Ridgewood Power Management LLC,Merced,0,Unit 1-8,NG,4/1/1991 12:00:00 AM,0,-120.628323848,37.362427575
4574,H0301,Fairfield,0,Merced Irrigation District,Merced,0.9,1,WAT,6/1/1983 12:00:00 AM,0,-120.432514174,37.368561975
4575,S0429,Merced Solar,0,Merced Solar LLC,Merced,1.5,Unit 1,SUN,4/1/2015 12:00:00 AM,0,-120.484431139,37.267772961
4576,S0430,Mission Solar,0,Mission Solar LLC,Merced,1.5,Unit 1,SUN,4/1/2015 12:00:00 AM,0,-120.48248714,37.267772961
4577,S9090,City of Atwater,0,Not Available,Merced,1,1,SUN,1/1/2012 12:00:00 AM,0,-120.600496211,37.360275652
4578,S9267,Pristine Sun Fund 10 Fresno PGE LLC_(2097_Helton),0,Not Available,Merced,1.5,Unit 1,SUN,5/1/2015 12:00:00 AM,0,-120.507439706,37.351101897
4579,S9029,UC Merced,0,Not Available,Merced,1,1,SUN,1/1/2012 12:00:00 AM,0,-120.414485651,37.362686619
4580,H0120,Crane Valley,0,Pacific Gas & Electric (PG&E),Madera,0.9,1,WAT,7/1/1919 12:00:00 AM,0,-119.529475192,37.291588217
4581,H0450,San Joaquin #3,0,Pacific Gas & Electric (PG&E),Madera,4,3,WAT,8/1/1923 12:00:00 AM,0,-119.519029191,37.254004283
4582,H0499,Portal,0,Southern California Edison (SCE),Fresno,10,UNIT 1,WAT,12/1/1956 12:00:00 AM,0,-119.159100559,37.2569365750001
4583,H0041,Bishop Creek 2,0,Southern California Edison (SCE),Inyo,7.3,1,WAT,11/1/1908 12:00:00 AM,0,-118.573505058,37.2736641750001
4584,H0042,Bishop Creek 3,0,Southern California Edison (SCE),Inyo,7.84,1,WAT,6/1/1913 12:00:00 AM,0,-118.532011786,37.3020415410001
4585,H0394,Pleasant Valley,0,Los Angeles Department of Water & Power (LADWP),Inyo,2.7,Unit 1,WAT,2/1/1958 12:00:00 AM,0,-118.523704596,37.4138642770001
4586,H0043,Bishop Creek 4,0,Southern California Edison (SCE),Inyo,7.95,1,WAT,9/1/1905 12:00:00 AM,0,-118.50183963,37.3229965880001
4587,H0044,Bishop Creek 5,0,Southern California Edison (SCE),Inyo,3.8,1,WAT,6/1/1919 12:00:00 AM,0,-118.479645691,37.3344537460001
4588,H0045,Bishop Creek 6,0,Southern California Edison (SCE),Inyo,1.6,1,WAT,3/1/1913 12:00:00 AM,0,-118.462752391,37.349970614
4589,G0636,United Cogen Inc (SFO) - Retired 3/31/2012,1,United Cogen Inc,San Mateo,0,"CTG, STG",NG,12/1/1985 12:00:00 AM,0,-122.39276816,37.623323161
4590,E0218,Ameresco Half Moon Bay (Ox Mountain Landfill),0,Ameresco Inc,San Mateo,11.46,"1, 2, 3, 4, 5, 6",LFG,4/1/2009 12:00:00 AM,0,-122.406021872,37.5040075210001
4591,E0123,Marsh Road Power Plant (Retired 2013),1,OPAL Fuels,San Mateo,0,"Unit 1, Unit 2, Unit 3, Unit 4",LFG,12/1/1983 12:00:00 AM,0,-122.174568067,37.494546078
4592,G0515,SRI International Cogen Project,0,International Power Technology Inc,San Mateo,6,UNIT 1,NG,4/1/1987 12:00:00 AM,0,-122.172888934,37.4551822070001
4593,G1034,COBUG - City of Palo Alto Backup Generator,1,City of Palo Alto,Santa Clara,0,"Unit 1, Unit 2, Unit 3, Unit 4",NG,3/1/2002 12:00:00 AM,0,-122.109795444,37.4383984040001
4594,S9104,JATCO,0,Not Available,Alameda,1.1,1,SUN,1/1/2012 12:00:00 AM,0,-122.00945318,37.5921700530001
4595,S9121,Alameda Water District,0,Not Available,Alameda,1.3,1,SUN,1/1/2012 12:00:00 AM,0,-121.962635935,37.504667118
4596,E0146,Byxbee Park Sanitary Landill - Retired December 2004,1,International Power Technology Inc,Santa Clara,0,"GEN1, GEN2",OGW,1/1/1990 12:00:00 AM,0,-122.103359995,37.4498282860001
4597,E0179,Newby Island I,1,OPAL Fuels,Santa Clara,0,"Unit 1, Unit 2, Unit 3, Unit 4",LFG,9/1/1984 12:00:00 AM,0,-121.935751845,37.455115893
4598,E0122,Newby Island II (Retired 2010),1,OPAL Fuels,Santa Clara,0,"1, 2, 3",LFG,12/1/1989 12:00:00 AM,0,-121.932363085,37.454762665
4599,E0134,Modesto Energy - Retired Dec 2002,1,Enpower Management Corporation,Stanislaus,0,MELP,OGW,4/26/1988 12:00:00 AM,0,-121.269400839,37.539341795
4600,W0395,Teichert Vernalis,0,Foundation Windpower,San Joaquin,1.5,WPRS 1,WND,1/1/1988 12:00:00 AM,0,-121.35672167,37.61664868
4601,G0016,Almond Power Plant,0,Turlock Irrigation District,Stanislaus,223,"UNIT 1, UNIT 2-1, UNIT 2-2, UNIT 2-3",NG,10/1/1995 12:00:00 AM,1,-120.985192547,37.574043121
4602,G0900,Walnut Energy Center,0,Turlock Irrigation District,Stanislaus,300.6,"Unit 1, Unit 2, Unit 3",NG,2/28/2006 12:00:00 AM,1,-120.89587592,37.4872143760001
4603,E0012,TID Fuel Cell (Retired 2012),1,Turlock Irrigation District,Stanislaus,0,FC,OBG,1/20/2009 12:00:00 AM,0,-120.867946213,37.484998197
4604,G0662,Walnut,0,Turlock Irrigation District,Stanislaus,48,"212813, 212814",NG,4/1/1986 12:00:00 AM,0,-120.90470884,37.48994944
4605,H0234,Hickman,0,Turlock Irrigation District,Stanislaus,1.1,"1, 2",WAT,9/1/1979 12:00:00 AM,0,-120.746328314,37.6215553690001
4606,H0300,Canal Creek (RETA),0,Merced Irrigation District,Merced,0.9,1,WAT,8/1/1983 12:00:00 AM,0,-120.489789182,37.4542255740001
4607,H0325,Merced ID (Parker),0,Merced Irrigation District,Merced,2.7,1,WAT,4/1/1982 12:00:00 AM,0,-120.444430012,37.4778382900001
4608,H0530,Turlock Lake,0,Turlock Irrigation District,Stanislaus,3.3,"1, 2, 3",WAT,7/1/1980 12:00:00 AM,0,-120.594665732,37.6114592390001
4609,H0175,Exchequer,0,Merced Irrigation District,Mariposa,94.5,EXC-1,WAT,1/1/1967 12:00:00 AM,0,-120.272760153,37.584371538
4610,H0316,McSwain,0,Merced Irrigation District,Mariposa,9,MCS-1,WAT,7/1/1967 12:00:00 AM,0,-120.310158082,37.5220858980001
4611,H0324,Merced Falls,0,Merced Irrigation District,Merced,10,Unit 598,WAT,7/21/1930 12:00:00 AM,0,-120.32988943,37.523182633
4612,H0110,Control Gorge,0,Los Angeles Department of Water & Power (LADWP),Inyo,38,Unit 1,WAT,4/1/1952 12:00:00 AM,0,-118.55693779,37.437989218
4613,H0328,Middle Gorge,0,Los Angeles Department of Water & Power (LADWP),Inyo,38,Unit 1,WAT,5/1/1952 12:00:00 AM,0,-118.569253307,37.5099857340001
4614,H0536,Upper Gorge,0,Los Angeles Department of Water & Power (LADWP),Inyo,36,Unit 1,WAT,6/1/1953 12:00:00 AM,0,-118.589993018,37.5460010360001
4615,G0462,Potrero Generating Station - Retired 2/28/2011,1,GenOn Holdings Inc.,San Francisco,0,"POT3, POT4, POT5, POT6",NG,1/1/1965 12:00:00 AM,0,-122.381915667,37.7566434620001
4616,S0123,Sunset Reservoir North Basin Solar,0,Deriva Energy,San Francisco,4.5,1,SUN,11/1/2010 12:00:00 AM,0,-122.483486484,37.750887698
4617,S9064,Fremont Group  50 Beale/DG Cogen Partners LLC,0,Not Available,San Francisco,1,1,SUN,1/1/2012 12:00:00 AM,0,-122.396299165,37.7911691800001
4618,S9068,Market & Second Inc/Real Energy,0,Not Available,San Francisco,1,1,SUN,1/1/2012 12:00:00 AM,0,-122.400787124,37.7893166200001
4619,S9113,Fremont Group Inc.  50 Beale/DG Cogen Partners LLC,0,Not Available,San Francisco,1.2,1,SUN,1/1/2012 12:00:00 AM,0,-122.396601009,37.7914460100001
4620,S9119,San Francisco State University,0,Not Available,San Francisco,1.2,1,SUN,1/1/2012 12:00:00 AM,0,-122.477043562,37.7275309520001
4621,S9131,Equity Office Property,0,Not Available,San Francisco,1.5,1,SUN,1/1/2012 12:00:00 AM,0,-122.394256139,37.7972399010001
4622,S9138,University of San Francisco,0,Not Available,San Francisco,2,1,SUN,1/1/2012 12:00:00 AM,0,-122.450456326,37.7765740660001
4623,S9140,Southeast Wastwater Treatment Plant/CCSF,0,Not Available,San Francisco,2,1,SUN,1/1/2012 12:00:00 AM,0,-122.391814456,37.741796134
4624,E0110,Southeast Digester Gas Cogen Plant,0,Stewart & Stevenson Services,San Francisco,2.1,1,OBG,7/1/2002 12:00:00 AM,0,-122.392944975,37.739526832
4625,G0127,SF Fuel Cell Station,0,Pacific Gas & Electric (PG&E),San Francisco,1.6,1,NG,9/1/2011 12:00:00 AM,0,-122.476014007,37.7234774990001
4626,G0272,Hunters Point (Closed May 2006),1,Pacific Gas & Electric (PG&E),San Francisco,0,"Unit 144, Unit 321",NG,12/12/1948 12:00:00 AM,0,-122.375769934,37.7373037610001
4627,G0641,Univ of San Francisco Cogen,0,University of San Francisco,San Francisco,1.5,S-17,NG,9/1/1987 12:00:00 AM,0,-122.451700361,37.7765923750001
4628,G0935,Russell City Energy Center,0,Calpine Corporation - West Region,Alameda,640,"CTG1, CTG2, ST1",NG,8/8/2013 12:00:00 AM,1,-122.133720611,37.6347344800001
4629,S9030,Port of Oakland,0,Not Available,Alameda,1,1,SUN,1/1/2012 12:00:00 AM,0,-122.300522644,37.8045444300001
4630,S9043,Peralta Community College Dist,0,Not Available,Alameda,1,1,SUN,1/1/2012 12:00:00 AM,0,-122.161123816,37.7908860480001
4631,S9066,Ghiradelli Chocolate,0,Not Available,Alameda,1,1,SUN,1/1/2012 12:00:00 AM,0,-122.150410704,37.711981049
4632,S9133,Oro Loma Sanitary District,0,Not Available,Alameda,1.5,1,SUN,1/1/2012 12:00:00 AM,0,-122.153133385,37.664991366
4633,G0379,Alameda,0,Northern California Power Agency,Alameda,49.9,"1, 2",NG,5/1/1986 12:00:00 AM,0,-122.289340187,37.7886891910001
4634,G0406,Oakland Power Plant,0,Duke Energy Renewables,Alameda,223.5,"1, 2, 3",JF,1/1/1978 12:00:00 AM,0,-122.281886803,37.7964390440001
4635,G1028,CSU East Bay Fuel Cell,0,Pacific Gas & Electric (PG&E),Alameda,1.4,1,NG,9/23/2011 12:00:00 AM,0,-122.059502027,37.658530882
4636,S9025,AT&T Services Inc.,0,Not Available,Contra Costa,1,1,SUN,1/1/2012 12:00:00 AM,0,-121.964752327,37.768075278
4637,S9073,AT&T San Ramon (PV)/AT&T Services Inc,0,Not Available,Contra Costa,1,1,SUN,1/1/2012 12:00:00 AM,0,-121.964572307,37.765931396
4638,S9039,Community College District Chabot Las Positas,0,Not Available,Alameda,1,1,SUN,1/1/2012 12:00:00 AM,0,-121.798596593,37.7130121550001
4639,S9083,Carl Zeiss Meditec Inc.,0,Not Available,Alameda,1,1,SUN,1/1/2012 12:00:00 AM,0,-121.889800142,37.712771962
4640,S9123,Chabot - Las Positas Community College,0,Not Available,Alameda,1.3,1,SUN,1/1/2012 12:00:00 AM,0,-121.927077179,37.706287295
4641,S9146,Chabot Las Positas Community College District,0,Not Available,Alameda,2.3,1,SUN,1/1/2012 12:00:00 AM,0,-121.794929582,37.7122126100001
4642,F0002,Santa Rita Jail Fuel Cell,0,Fuel Cell Energy,Alameda,1.4,MB18,NG,12/16/2016 12:00:00 AM,0,-121.888199872,37.7174180220001
4643,G1015,Mariposa Energy  LLC,0,Diamond Generating Corporation,Alameda,200,"Mariposa 1, Mariposa 2, Mariposa 3, Mariposa 4",NG,10/1/2012 12:00:00 AM,1,-121.601859826,37.7888237220001
4644,S0220,RE Mohican,0,Kaiser Permanente,Alameda,1,1,SUN,9/1/2010 12:00:00 AM,0,-121.715500802,37.7061138650001
4645,S0619,Whitehorn Solar LLC,0,REV Renewables,Alameda,3.3,Unit 1,SUN,2/18/2016 12:00:00 AM,0,-121.717446746,37.6915041180001
4646,S9049,Health Plan Inc. Kaiser Foundation,0,Not Available,Alameda,1,1,SUN,1/1/2012 12:00:00 AM,0,-121.716626832,37.707901602
4647,E0071,Ameresco Vasco Road LLC,0,Ameresco Inc,Alameda,4.34,"Unit 1, Unit 2",LFG,2/22/2014 12:00:00 AM,0,-121.728828433,37.754584327
4648,E0106,Altamont Gas Recovery,0,The IT Group,Alameda,7,"1, 2, 3, 4",LFG,3/1/1989 12:00:00 AM,0,-121.649852904,37.749303002
4649,G0184,Byron Power Partners LP - Retired December 2010,1,Ridgewood Power Management LLC,Alameda,0,Unit 1-5,NG,5/1/1990 12:00:00 AM,0,-121.600549981,37.7914428170001
4650,W0333,ALTAMONT-  01W035 - Retired 10/31/2015,1,See WPRS for details,Alameda,0,WPRS 1,WND,1/1/1988 12:00:00 AM,0,-121.649388058,37.7280446180001
4651,W0394,Vasco Wind Energy Center,0,NextEra Energy Resources LLC,Alameda,78.2,WPRS 1,WND,1/1/1988 12:00:00 AM,0,-121.723109379,37.7888391720001
4652,W0423,Diablo Wind LLC,0,NextEra Energy Resources LLC,Alameda,17.98,WPRS 1,WND,12/7/2012 12:00:00 AM,0,-121.617339398,37.7618245830001
4653,W0426,Buena Vista Energy LLC,0,See WPRS for details,Contra Costa,38,WPRS 1,WND,5/1/2005 12:00:00 AM,0,-121.658381516,37.8086752300001
4654,W0298,Seawest Industries  Inc San Jacinto - Retired 11/1/2015,1,Seawest Energy Group,Riverside,0,WPRS 1,WND,1/1/1983 12:00:00 AM,0,-121.640463272,37.707867908
4655,W0322,Altamont Pass Windplant -Retired 11/1/2015,1,See WPRS for details,Alameda,0,WPRS 1,WND,1/1/1988 12:00:00 AM,0,-121.656433561,37.74150602
4656,W0331,Santa Clara 85C - Decommissioned 7/1/2016,1,Not Available,Alameda,0,WPRS 1,WND,12/30/1985 12:00:00 AM,0,-121.64588698,37.7397968080001
4657,W0336,Altamont Infrastructure Company - 01W144 - Retired 11/1/2015,1,Green Ridge Service LLC,Alameda,0,WPRS 1,WND,1/1/1988 12:00:00 AM,0,-121.652960783,37.7322709370001
4658,W0337,ALTAMONT - 01W146A - Retired 10/31/2015,1,See WPRS for details,Alameda,0,WPRS 1,WND,1/1/1988 12:00:00 AM,0,-121.655454983,37.743643886
4659,W0340,ALTAMONT - 01W146D - Retired 11/1/2015,1,See WPRS for details,Alameda,0,WPRS 1,WND,1/1/1986 12:00:00 AM,0,-121.686419607,37.7569277150001
4660,W0346,Altamont Midway Ltd - Retired 4/1/2015,1,See WPRS for details,Alameda,0,WPRS 1,WND,4/16/1985 12:00:00 AM,0,-121.579023295,37.767286325
4661,W0347,ALTAMONT - 16W011 - Retired 10/31/2015,1,See WPRS for details,Alameda,0,WPRS 1,WND,1/1/1987 12:00:00 AM,0,-121.691550335,37.739135757
4662,W0348,Flowind 3-4 - Retired 10/31/2015,1,Green Ridge Service LLC,Alameda,0,WPRS 1,WND,1/1/1985 12:00:00 AM,0,-121.69080183,37.7810022580001
4663,W0352,Patterson Pass -Retired 11/1/2014,1,See WPRS for details,Alameda,0,WPRS 1,WND,4/2/1985 12:00:00 AM,0,-121.601047737,37.709379691
4664,W0353,Dyer Road - Retired 4/1/2015,1,See WPRS for details,Alameda,0,WPRS 1,WND,12/31/1989 12:00:00 AM,0,-121.611034424,37.7518937460001
4665,W0375,Difwind VII - Retired 11/1/2015,1,See WPRS for details,Alameda,0,WPRS 1,WND,1/1/1987 12:00:00 AM,0,-121.652560354,37.7368074710001
4666,W0377,DifWind IX - Retired 11/1/2015,1,See WPRS for details,Alameda,0,WPRS 1,WND,1/1/2011 12:00:00 AM,0,-121.643790587,37.7394078450001
4667,W0446,Windpower Partners 1992  L.P - Retired 11/1/2015,1,See WPRS for details,Alameda,0,WPRS 1,WND,1/1/1988 12:00:00 AM,0,-121.655534351,37.7336069400001
4668,W0461,Golden Hills,0,See WPRS for details,Alameda,85.92,WPRS 1,WND,12/1/2015 12:00:00 AM,0,-121.615298062,37.7723690440001
4669,W0468,Golden Hills North,0,See WPRS for details,Alameda,46,WPRS 1,WND,11/8/2017 12:00:00 AM,0,-121.631838685,37.7672849460001
4670,W0453,Windpower Partners 1991  L.P. - Retired 11/1/2015,1,See WPRS for details,Alameda,0,WPRS 1,WND,12/31/1989 12:00:00 AM,0,-121.707059379,37.7788126830001
4671,W0482,Altamont Winds LLC,0,K2 Management Inc.,Alameda,57.5,WPRS 1,WND,7/2/2021 12:00:00 AM,0,-121.671570902,37.739360504
4672,E0096,Tracy Biomass Plant (retired 6/1/2019),1,Thermal Energy Dev Partner LP,San Joaquin,0,GEN 1,WDS,4/26/1990 12:00:00 AM,0,-121.488255744,37.720058152
4673,G0838,Tracy Peaker Plant (reconfigured from Peaker to CC 2012),0,"MRP San Joaquin Energy, LLC",San Joaquin,333,"TCC 1, TPP 1, TPP 1CT, TPP 2, TPP 2CT",NG,6/1/2003 12:00:00 AM,1,-121.491282527,37.7107934420001
4674,W0396,Safeway Tracy,0,Foundation Windpower,San Joaquin,2,WPRS 1,WND,10/1/2010 12:00:00 AM,0,-121.521686585,37.713662416
4675,G0529,San Joaquin Cogen - Retired 6/27/2017,1,El Paso Power Operations,San Joaquin,0,LM5000,NG,1/1/1990 12:00:00 AM,0,-121.290430921,37.8067673240001
4676,G0128,Lathrop Plant (retired 1/2024),1,JR Simplot - Lathrop,San Joaquin,0,1,NG,9/30/1995 12:00:00 AM,0,-121.277493859,37.8067910120001
4677,S0180,McHenry Solar Plant,0,AxInfra US LP,Stanislaus,25.5,1,SUN,7/20/2012 12:00:00 AM,0,-120.99097578,37.736255204
4678,G0204,MID Ripon,0,Modesto Irrigation District,San Joaquin,100,"Ripon 1, Ripon 2",NG,6/21/2006 12:00:00 AM,0,-121.125322142,37.731266948
4679,G0564,Ripon Cogeneration Facility,0,Ripon Cogeneration LLC,San Joaquin,49.9,UNIT 1,NG,4/1/1988 12:00:00 AM,0,-121.115926166,37.7314189860001
4680,G0679,Woodland Generation Station,0,Modesto Irrigation District,Stanislaus,185,"Woodland 1, Woodland 2-12, Woodland 3a-f",NG,12/1/1993 12:00:00 AM,0,-121.019591469,37.652608458
4681,G0336,McClure,0,Modesto Irrigation District,Stanislaus,112,"1, 2",NG,7/1/1980 12:00:00 AM,0,-120.931366645,37.6290083650001
4682,G0254,Hershey Chocolate Confectionery Oakdale Plant -Shutdown 2011,1,Hershey Chocolate & Confectionary Corp,Stanislaus,0,Unit 1,NG,4/1/1987 12:00:00 AM,0,-120.843853609,37.750665649
4683,H0599,Stone Drop,0,Modesto Irrigation District,Stanislaus,0.6,1,WAT,4/1/1984 12:00:00 AM,0,-120.719074915,37.643382031
4684,H0144,Don Pedro,0,Turlock Irrigation District,Tuolumne,170.9,"6710281, 6710282, 6710283, 8513242",WAT,5/1/1971 12:00:00 AM,0,-120.420062576,37.6960238980001
4685,H0276,La Grange,0,Turlock Irrigation District,Stanislaus,8.4,"1, 117954, 2, 342321",WAT,11/1/1989 12:00:00 AM,0,-120.443840167,37.6696683060001
4686,H0535,Upper Dawson,0,Turlock Irrigation District,Stanislaus,6,1,WAT,11/1/1983 12:00:00 AM,0,-120.470724601,37.6509491800001
4687,H0601,Moccasin,0,SF Public Utilities Commission,Tuolumne,100,"UNIT 1, UNIT 2",WAT,8/1/1969 12:00:00 AM,0,-120.299317298,37.809298122
4688,H0426,Rush Creek,0,Southern California Edison (SCE),Mono,8.4,"1, 2",WAT,10/1/1916 12:00:00 AM,0,-119.123298968,37.7670154630001
4689,S9201,Garces (Oswell A),0,Not Available,Kern,1.5,Unit 1,SUN,12/31/2015 12:00:00 AM,0,-118.94340007,37.6401679260001
4690,T0035,Mammoth Pacific I,0,Ormat Nevada Inc,Mono,10,"U100, U200",GEO,11/1/1984 12:00:00 AM,0,-118.914113892,37.6450268190001
4691,T0036,Mammoth Pacific II,0,Ormat Nevada Inc,Mono,15,"T101, T102, T103",GEO,12/1/1990 12:00:00 AM,0,-118.909119679,37.646242618
4692,T0038,Ples I,0,Ormat Nevada Inc,Mono,15,"T101, T102, T103",GEO,12/1/1990 12:00:00 AM,0,-118.90943647,37.6456256820001
4693,S0665,MCE Richmond Solar PV Project,0,S-Power (Sustainable Power Group),Contra Costa,10.5,Unit 1,SUN,12/22/2017 12:00:00 AM,0,-122.377883265,37.945617752
4694,S9065,General Chemical Corp/Chevron Energy Solutions,0,Not Available,Contra Costa,1,1,SUN,1/1/2012 12:00:00 AM,0,-122.385343621,37.931168997
4695,S9093,Wastewater District West County,0,Not Available,Contra Costa,1,1,SUN,1/1/2012 12:00:00 AM,0,-122.379636005,37.9669984180001
4696,S9130,Central Marin Sanitation Agency,0,Not Available,Marin,1.5,1,SUN,1/1/2012 12:00:00 AM,0,-122.491480204,37.9553952480001
4697,E0137,Nove Power Plant,0,Nove Investments I LLC,Contra Costa,3,"GEN1, GEN2, GEN3",LFG,12/1/1985 12:00:00 AM,0,-122.376473138,37.9683905430001
4698,G0104,Chevron Richmond Refinery Cogeneration,0,Chevron Products Co - NorCal,Contra Costa,183.53,"Cogen1, Cogen2, FCC, PP1, PP2, PP3, PP4, STG-3640, TG-800",NG,1/1/1936 12:00:00 AM,0,-122.390886769,37.94179504
4699,S0662,BART Lafayette,0,Tesla Inc.,Contra Costa,1.01,Unit 1,SUN,9/12/2018 12:00:00 AM,0,-122.123144247,37.8943652780001
4700,E0036,EBMUD Wastewater Treatment Plant Power Generation Station,0,East Bay Municipal Utility District (EBMUD),Alameda,6.45,"GEN 1, GEN 2, GEN 3",OBG,8/1/1985 12:00:00 AM,0,-122.29546188,37.826023908
4701,E0242,EBMUD Wastewater Treatment Plant Digester Gas Turbine,0,East Bay Municipal Utility District (EBMUD),Alameda,4.6,1,OBG,11/1/2011 12:00:00 AM,0,-122.296378512,37.8260580950001
4702,G0405,PE Berkeley Inc,0,University of California Berkeley,Alameda,26.35,"GEN1, GEN2",NG,6/1/1987 12:00:00 AM,0,-122.263377989,37.870205076
4703,S9016,College District Contra Costa Community 1,0,Not Available,Contra Costa,1,1,SUN,1/1/2012 12:00:00 AM,0,-122.0737178,37.966493411
4704,S9117,Contra Costa Community College - DVC,0,Not Available,Contra Costa,1.2,1,SUN,1/1/2012 12:00:00 AM,0,-122.070086663,37.9672869990001
4705,S9142,AT&T Services  Inc.,0,Not Available,Contra Costa,2.1,1,SUN,1/1/2012 12:00:00 AM,0,-122.060520132,37.9043539200001
4706,G0101,Chevron Concord Cogeneration (Retired 7/27/2010),1,Chevron Business and Real Estate Services,Contra Costa,0,1,NG,6/1/1988 12:00:00 AM,0,-122.059724049,37.9724688790001
4707,S9170,Oakley Solar Project,0,Not Available,Contra Costa,1.5,Unit 1,SUN,8/1/2013 12:00:00 AM,0,-121.748443069,38.0023144200001
4708,G0751,Ingredion Stockton Plant (Retired 12/31/2018),1,Corn Products International Inc,San Joaquin,0,"GEN1, GEN2",NG,3/1/1984 12:00:00 AM,0,-121.262087389,37.910742256
4709,S0644,Manteca Land 1,0,S-Power (Sustainable Power Group),San Joaquin,1,Unit 1,SUN,12/28/2017 12:00:00 AM,0,-121.215094778,37.840180623
4710,S9062,California Natural Products,0,Not Available,San Joaquin,1,1,SUN,1/1/2012 12:00:00 AM,0,-121.273517929,37.824719085
4711,S9150,Stockton Delta Water Supply Project,0,Not Available,San Joaquin,3,1,SUN,1/1/2012 12:00:00 AM,0,-121.326259685,37.93488038
4712,E0213,DTE Stockton (POSDEF Repower C0004),0,FPL Energy Operating Services Inc,San Joaquin,50.6,GEN 1,WDS,2/12/2014 12:00:00 AM,0,-121.330552014,37.943361113
4713,C0004,Port of Stockton District Energy Facility - Retired Jan 2011,1,FPL Energy Operating Services Inc,San Joaquin,0,GEN 1,BIT,12/1/1989 12:00:00 AM,0,-121.328267972,37.941473568
4714,C0021,Stockton CoGen (Retired 3/31/2012 - Repowered E0002),1,Stockton CoGen Company,San Joaquin,0,GEN1,BIT,3/1/1988 12:00:00 AM,0,-121.26061837,37.9127698180001
4715,E0032,Diamond Walnut - Retired December 2005,1,Diamond Walnut Growers Inc,San Joaquin,0,DWG 1,AB,4/1/1981 12:00:00 AM,0,-121.256516905,37.9498279110001
4716,E0252,Ameresco Forward LLC,0,Ameresco Inc,San Joaquin,4.34,"Unit 1, Unit 2",LFG,2/22/2014 12:00:00 AM,0,-121.185226935,37.883321299
4717,S9289,Foothill Farmington 2MW PV Project (2) (2012 PV RFO - 1),0,Not Available,San Joaquin,2,1,SUN,12/31/2014 12:00:00 AM,0,-121.090124048,37.926610682
4718,H0488,Frankenheimer,0,Turlock Irrigation District,Stanislaus,5.04,Unit 1,WAT,5/3/1983 12:00:00 AM,0,-120.806888443,37.8303798090001
4719,H0489,Woodward,0,Turlock Irrigation District,Stanislaus,2.85,Unit 1,WAT,4/12/1982 12:00:00 AM,0,-120.87920223,37.860669795
4720,S0120,Robert O. Schulz Solar Farm #1 and #2,0,South San Joaquin Irr District,Stanislaus,1.37,"1, 2",SUN,5/1/2009 12:00:00 AM,0,-120.894938677,37.858009312
4721,S9122,Irrigation District South San Joaquin,0,Not Available,Stanislaus,1.3,1,SUN,1/1/2012 12:00:00 AM,0,-120.895252356,37.8592012560001
4722,H0353,New Melones,0,United States Bureau of Reclamation,Tuolumne,300,"UNIT 1, UNIT 2",WAT,6/1/1979 12:00:00 AM,0,-120.53006471,37.9463758640001
4723,H0527,Tulloch,0,Tri-Dam Project & Tri-Dam Power Authority,Tuolumne,30.6,"1, 2, 3",WAT,7/1/1957 12:00:00 AM,0,-120.604919733,37.876138117
4724,S9175,Fresh Air Energy IV - Sonora 1,0,QE - Foresight Group US,Tuolumne,1.5,Unit 1,SUN,12/1/2013 12:00:00 AM,0,-120.526379068,37.89079632
4725,E0100,Pacific Ultrapower Chinese,0,IHI Power Services Corp (Pacific Ultrapower Chinese Station),Tuolumne,25,1,WDS,6/1/1985 12:00:00 AM,0,-120.477340626,37.8745966050001
4726,H0336,Moccasin Low Head,0,SF Public Utilities Commission,Tuolumne,2.9,UNIT 1,WAT,7/1/1987 12:00:00 AM,0,-120.312056708,37.81644995
4727,E0038,SPI - Sonora - Restarted 1/1/2012 (Shut Down 9/28/2009),0,Sierra Pacific Industries Inc,Tuolumne,10.9,"1, GEN1, GEN2",WDS,2/1/2001 12:00:00 AM,0,-120.317619294,37.9665108880001
4728,H0141,Dion R Holm,0,SF Public Utilities Commission,Tuolumne,165,"UNIT 1, UNIT 2",WAT,8/1/1960 12:00:00 AM,0,-119.96847317,37.8966051260001
4729,H0274,Kirkwood (RPS Certified),0,SF Public Utilities Commission,Tuolumne,118.22,"UNIT 1, UNIT 2, UNIT 3",WAT,2/1/1967 12:00:00 AM,0,-119.953236179,37.8776876790001
4730,H0398,Poole,0,Southern California Edison (SCE),Mono,10,UNIT 1,WAT,6/1/1924 12:00:00 AM,0,-119.215989884,37.9441219550001
4731,S0528,Cottonwood Carport Solar,0,Onward Energy,Marin,1,Unit 1,SUN,5/16/2016 12:00:00 AM,0,-122.56516651,38.1255491810001
4732,E0304,Redwood Renewable Energy Facility,0,WM Renewable Energy,Marin,3.92,"Unit 1, Unit 2",LFG,5/27/2017 12:00:00 AM,0,-122.564297018,38.1608367050001
4733,G0902,Valero Cogeneration Unit #1,0,Valero Refining Company - California,Solano,47.7,GTG 4901,NG,10/16/2002 12:00:00 AM,1,-122.138445908,38.0718971960001
4734,S0695,SFDK Solar,0,S-Power (Sustainable Power Group),Solano,6.33,Unit 1,SUN,12/27/2019 12:00:00 AM,0,-122.232501563,38.1405982750001
4735,S9037,Health Plan Inc. Kaiser Foundation,0,Not Available,Solano,1,1,SUN,1/1/2012 12:00:00 AM,0,-122.248711512,38.1259384460001
4736,S9115,Vallejo Sanitation and Flood Control District,0,Not Available,Solano,1.2,1,SUN,1/1/2012 12:00:00 AM,0,-122.250056716,38.092110043
4737,E0118,American Canyon Power Plant (Retired 2013),1,OPAL Fuels,Napa,0,"Unit 1, Unit 2",LFG,12/1/1985 12:00:00 AM,0,-122.280516383,38.180762558
4738,G0161,Crockett Cogeneration Project,0,Crockett Cogeneration LP,Contra Costa,247.4,GE1,NG,12/1/1995 12:00:00 AM,1,-122.215582021,38.0571212830001
4739,G0509,C&H Sugar Plant,0,C&H Sugar Company,Contra Costa,10,"2, 3, 4",NG,10/1/1957 12:00:00 AM,0,-122.219026923,38.0572609120001
4740,G0630,Phillips 66 - Carbon Plant (retired 2/17/2025),1,ConocoPhillips Company San Francisco Refinery,Contra Costa,0,1,NG,2/1/1983 12:00:00 AM,0,-122.236319259,38.0195285360001
4741,G0632,Phillips 66 - San Francisco Refinery,0,ConocoPhillips,Contra Costa,51,1 - 3,NG,5/1/1987 12:00:00 AM,0,-122.255023597,38.0437365980001
4742,E0217,Ameresco Keller Canyon,0,Ameresco Inc,Contra Costa,3.84,"Unit 1, Unit 2",LFG,9/1/2009 12:00:00 AM,0,-121.934372611,38.0039644890001
4743,C0012,Nichols Road Power Plant - Retired April 2012,1,GWF Power Systems LP,Contra Costa,0,GEN 1,PC,3/1/1990 12:00:00 AM,0,-121.987219098,38.0435060040001
4744,G0494,Rhodia - Martinez,0,Eco Services Operations Corp,Contra Costa,4,Unit 1,WH,1/1/1978 12:00:00 AM,0,-122.115130941,38.0336890770001
4745,G0613,Marathon Bay Area Cogen (formerly Martinez Cogen Limited),0,Tesoro Refining & Marketing Company,Contra Costa,127.46,"TG-101-T1, TG-102-T2, TG-103",NG,2/1/1987 12:00:00 AM,0,-122.062162242,38.0240363
4746,G0755,Martinez Refinery,0,Shell Oil Products US - Equilon Enterprises LLC - Martinez Refinery,Contra Costa,220,"GTG1, GTG2, STG1, TG-101-T1, TG-102-T2, TG-103",NG,11/1/1995 12:00:00 AM,0,-122.11200971,38.0152776790001
4747,G0914,Riverview Peaker,0,"Gilroy Energy Center, LLC",Contra Costa,47.3,RP1JT1,NG,5/1/2003 12:00:00 AM,0,-121.790218721,38.0145961150001
4748,G0950,Gateway Generating Station,0,Pacific Gas & Electric (PG&E),Contra Costa,613.1,"165, 334, 335",NG,1/4/2009 12:00:00 AM,1,-121.758192301,38.0168909380001
4749,G1011,Marsh Landing Generating Station,0,NRG Marsh Landing LLC,Contra Costa,828,"MLGS-1, MLGS-2, MLGS-3, MLGS-4",NG,5/1/2013 12:00:00 AM,1,-121.765070728,38.0168161980001
4750,G0450,Pittsburg Generating Station (Retired 12/31/2016),1,NRG Delta LLC,Contra Costa,0,"PPP1, PPP2, PPP3, PPP4, PPP5, PPP6, PPP7",NG,1/1/1954 12:00:00 AM,0,-121.894089991,38.039621019
4751,S0343,Columbia Solar Energy LLC,0,REV Renewables,Contra Costa,19,Unit 1,SUN,8/1/2015 12:00:00 AM,0,-121.863846164,38.0194949950001
4752,S9017,College District Contra Costa Community 2,0,Not Available,Contra Costa,1,1,SUN,1/1/2012 12:00:00 AM,0,-121.859536985,38.004548905
4753,S9118,Contra Costa Community College - Los Medanos,0,Not Available,Contra Costa,1.2,1,SUN,1/1/2012 12:00:00 AM,0,-121.86239922,38.004312262
4754,C0008,East Third Street Power Plant - Retired April 2012,1,GWF Power Systems LP,Contra Costa,0,GEN 1,PC,12/1/1990 12:00:00 AM,0,-121.87011669,38.0307623140001
4755,C0009,Loveridge Road Power Plant - Retired April 2012,1,GWF Power Systems LP,Contra Costa,0,GEN 1,PC,12/1/1989 12:00:00 AM,0,-121.860207325,38.0160052040001
4756,C0010,Wilbur East Power Plant - Retired April 2012,1,GWF Power Systems LP,Contra Costa,0,GEN 1,PC,10/1/1989 12:00:00 AM,0,-121.755945897,38.010738152
4757,C0011,Wilbur West Power Plant - Retired April 2012,1,GWF Power Systems LP,Contra Costa,0,GEN 1,PC,8/1/1990 12:00:00 AM,0,-121.780685771,38.011652821
4758,G0147,Contra Costa Power Plant - Retired May 2013,1,GenOn Holdings Inc.,Contra Costa,0,"CCPP6, CCPP7",NG,1/1/1964 12:00:00 AM,0,-121.760212039,38.0185268280001
4759,G0177,Pittsburg (Closed April 1  2010),1,Dow Chemical Company,Contra Costa,0,"PT1JT1, PT1JT2, PT1JT3",NG,1/1/1965 12:00:00 AM,0,-121.851527494,38.0239731290001
4760,G0224,Gaylord Container Corp Antioch - Retired November 2002,1,Gaylord Container Corp,Contra Costa,0,"Gen 1, Gen 2",NG,1/1/1982 12:00:00 AM,0,-121.77635066,38.0139286420001
4761,G0780,Los Medanos Energy Center,0,Calpine Corporation - West Region,Contra Costa,594,"LM1CT1, LM1CT2, LM1ST1",NG,7/1/2001 12:00:00 AM,1,-121.872652745,38.0298846950001
4762,G0783,Delta Energy Center,0,Calpine Corporation - West Region,Contra Costa,860.2,"DE1CT1, DE1CT2, DE1CT3, DE1ST1",NG,5/1/2002 12:00:00 AM,1,-121.844819573,38.0173170640001
4763,W0355,High Winds,0,Seawest Energy Group,Solano,162,WPRS 1,WND,12/23/2003 12:00:00 AM,0,-121.810840966,38.1403635450001
4764,W0356,"Solano Wind 3, 4 (SMUD Solano Phase 1)",0,Seawest Energy Group,Solano,213.3,WPRS 1,WND,4/18/2012 12:00:00 AM,0,-121.767214992,38.1264918620001
4765,W0357,"Solano Wind 1,2 (SMUD Solano Phase 2)",0,FPL Energy Operating Services Inc,Solano,87,WPRS 1,WND,1/1/1994 12:00:00 AM,0,-121.760663189,38.1103057610001
4766,W0358,Shiloh I Wind (Victory Garden Prtnr PHIV),0,FPL Energy Operating Services Inc,Solano,150,WPRS 1,WND,3/30/2006 12:00:00 AM,0,-121.856372521,38.1161480690001
4767,W0371,FPL Energy Montezuma Winds LLC,0,NextEra Energy Resources LLC,Solano,36.8,WPRS 1,WND,1/25/2011 12:00:00 AM,0,-121.800604427,38.1662616840001
4768,W0380,EDF Renewable Windfarm V Inc (ENXCO V),0,See WPRS for details,Solano,15.5,WPRS 1,WND,1/1/1990 12:00:00 AM,0,-121.835001823,38.118506729
4769,W0384,"Shiloh Wind Project 2, LLC (Shiloh II & III)",0,EDF Renewable Energy Inc,Solano,153.75,WPRS 1,WND,1/1/1997 12:00:00 AM,0,-121.869576751,38.1789140330001
4770,W0392,Montezuma Wind II,0,NextEra Energy Resources LLC,Solano,78.2,WPRS 1,WND,1/1/1983 12:00:00 AM,0,-121.812969534,38.1139292120001
4771,W0421,"Shiloh III Wind Project, LLC",0,See WPRS for details,Solano,102.5,WPRS 1,WND,12/20/2012 12:00:00 AM,0,-121.863149432,38.1660319750001
4772,W0422,"Shiloh IV Wind Project, LLC",0,See WPRS for details,Solano,102.5,WPRS 1,WND,12/22/2011 12:00:00 AM,0,-121.840648278,38.145600132
4773,G1009,Lodi Energy Center,0,Northern California Power Agency,San Joaquin,292.23,"1, 2",NG,10/27/2012 12:00:00 AM,1,-121.387365756,38.0881131510001
4774,G0381,Lodi CC (NCPA STIG),0,Northern California Power Agency,San Joaquin,50,1,NG,4/1/1996 12:00:00 AM,0,-121.386723011,38.088160025
4775,G0380,Lodi,0,Northern California Power Agency,San Joaquin,25,1,NG,2/1/1986 12:00:00 AM,0,-121.300450999,38.14657104
4776,G0225,General Mills Operations Inc Lodi Plant - Retired November 2,1,General Mills Operations Inc,San Joaquin,0,UNIT 1,NG,6/1/1984 12:00:00 AM,0,-121.299307903,38.142919872
4777,S0303,Bear Creek Solar,0,Bear Creek Solar LLC,San Joaquin,1.5,1,SUN,1/1/2014 12:00:00 AM,0,-121.14921855,38.135628307
4778,S9290,Ecos Energy   LLC_(Bear Creek Solar Project),0,Not Available,San Joaquin,1.5,Unit 1,SUN,12/31/2013 12:00:00 AM,0,-121.149276258,38.136382601
4779,H0073,Hogan,0,Modesto Irrigation District,Calaveras,3,"GEN 1, GEN 2",WAT,4/1/1989 12:00:00 AM,0,-120.814964612,38.1495907390001
4780,E0253,Ameresco San Joaquin LLC,0,Ameresco Inc,San Joaquin,4.34,"Unit 1, Unit 2",LFG,4/24/2014 12:00:00 AM,0,-120.929829686,38.0301375220001
4781,H0008,Angels,0,Utica Power Authority,Calaveras,1.4,5505380,WAT,1/1/1940 12:00:00 AM,0,-120.539356234,38.0719754520001
4782,H0346,Murphys,0,Utica Power Authority,Calaveras,4.5,6920412,WAT,1/1/1954 12:00:00 AM,0,-120.446391827,38.147108115
4783,S9137,Angels PH  Utica Power Authority,0,Not Available,Calaveras,1.8,1,SUN,1/1/2012 12:00:00 AM,0,-120.539562071,38.0723946960001
4784,H0107,Collierville,0,Northern California Power Agency,Calaveras,253,"GEN 1, GEN 2",WAT,11/1/1989 12:00:00 AM,0,-120.379840741,38.1448035490001
4785,H0383,Phoenix,0,Pacific Gas & Electric (PG&E),Tuolumne,1.6,1,WAT,2/1/1940 12:00:00 AM,0,-120.326560574,38.032077509
4786,H0498,Stanislaus,0,Pacific Gas & Electric (PG&E),Tuolumne,91,Unit 583,WAT,3/11/1963 12:00:00 AM,0,-120.370532601,38.1389840850001
4787,H0495,Spring Gap,0,Pacific Gas & Electric (PG&E),Tuolumne,6,1,WAT,9/1/1921 12:00:00 AM,0,-120.111695364,38.186504122
4788,H0519,Sand Bar,0,Tri-Dam Power Authority,Tuolumne,16.2,Unit 1,WAT,5/1/1986 12:00:00 AM,0,-120.150143859,38.1861162110001
4789,H0296,Lundy,0,Southern California Edison (SCE),Mono,3,1,WAT,12/1/1911 12:00:00 AM,0,-119.172293655,38.042339112
4790,S9109,U.S. Coast Guard,0,Not Available,Sonoma,1.1,1,SUN,1/1/2012 12:00:00 AM,0,-123.034953261,38.31909926
4791,E0195,Central LF (Sonoma) Phase I,0,Sonoma County Department of Transportation and Public Works,Sonoma,6.4,"P11, P11-14, P12, P13, P14",LFG,7/1/1993 12:00:00 AM,0,-122.747824362,38.301161015
4792,E0196,Central LF (Sonoma) Phase II,0,Sonoma County Department of Transportation and Public Works,Sonoma,6.4,"P21, P21-24, P22, P23, P24",LFG,6/1/1996 12:00:00 AM,0,-122.747938457,38.301534673
4793,E0197,Central LF (Sonoma) Phase III,0,Sonoma County Department of Transportation and Public Works,Sonoma,3.2,"P31, P31-32, P32",LFG,1/1/2003 12:00:00 AM,0,-122.747550427,38.301468153
4794,G0077,Laguna Water Reclamation Facility,0,City of Santa Rosa Utilities Department,Sonoma,4.4,"1, 2, 3, Cogen1, Cogen2, Cogen3, Cogen4",OBG,5/1/1998 12:00:00 AM,0,-122.768980938,38.367400794
4795,S9024,Codding Enterprises,0,Not Available,Sonoma,1,1,SUN,1/1/2012 12:00:00 AM,0,-122.679239242,38.323232391
4796,S9057,Codding Enterprises Ltd Partnership,0,Not Available,Sonoma,1,1,SUN,1/1/2012 12:00:00 AM,0,-122.68136623,38.3234803510001
4797,S9307,Petaluma Solar Millennium Fund LLC_(Petaluma Solar #1101),0,Not Available,Sonoma,1.5,Unit 1,SUN,12/31/2013 12:00:00 AM,0,-122.578272704,38.251551029
4798,S9308,Petaluma Solar Millennium Fund LLC_(Petaluma Solar #1102),0,Not Available,Sonoma,1.5,Unit 1,SUN,12/31/2013 12:00:00 AM,0,-122.578272704,38.251551029
4799,S9125,County of Sonoma,0,Not Available,Sonoma,1.3,1,SUN,1/1/2012 12:00:00 AM,0,-122.457914579,38.280813085
4800,S9023,Napa Valley College,0,Not Available,Napa,1,1,SUN,1/1/2012 12:00:00 AM,0,-122.278937243,38.2726063150001
4801,S9070,Pokka Bottling,0,Not Available,Napa,1,1,SUN,1/1/2012 12:00:00 AM,0,-122.276964618,38.190916433
4802,S9132,Mid Valley Dairy,0,Not Available,Solano,1.5,1,SUN,1/1/2012 12:00:00 AM,0,-122.15707565,38.20435982
4803,G0282,Napa State Hospital - Retired December 2013,1,Napa State Hospital,Napa,0,"GT-1, GT-2",NG,1/1/1984 12:00:00 AM,0,-122.265935115,38.2781015640001
4804,G0913,Wolfskill Peaker,0,"Gilroy Energy Center, LLC",Solano,48.1,WS1JT1,NG,3/1/2003 12:00:00 AM,0,-122.075154522,38.22809525
4805,S0362,Fairfield-Suisun Sewer District - WTP,0,EDP Renewables North America LLC,Solano,1,1,SUN,12/23/2009 12:00:00 AM,0,-122.093236662,38.2315836710001
4806,S0414,North Bay Solar 1,0,S-Power (Sustainable Power Group),Solano,1,NBWT,SUN,8/1/2013 12:00:00 AM,0,-121.965172981,38.3009389040001
4807,S9074,Anheuser Busch Fairfield  PV Phase/Anheuser Busch,0,Not Available,Solano,1,1,SUN,1/1/2012 12:00:00 AM,0,-122.093326508,38.2323079980001
4808,S9148,ANHEUSER BUSCH INC,0,Not Available,Solano,1,1,SUN,1/1/2012 12:00:00 AM,0,-122.093242633,38.231839414
4809,S9162,CA Dept of Corrections Solano (CSPS),0,Not Available,Solano,1,1,SUN,1/1/2013 12:00:00 AM,0,-121.982565154,38.3258857530001
4810,S9303,GASNA 27P (GASNA 27P) - RAM 2,0,Not Available,Solano,14,Unit 1,SUN,12/31/2014 12:00:00 AM,0,-121.994093005,38.351586991
4811,S0832,Amazon - Eastvale - DCA2,0,MN8 Energy,Riverside,1.5,GEN1,SUN,12/15/2018 12:00:00 AM,0,-117.554089935,33.9916061120001
4812,E0302,Potrero Hills Energy Producers LLC,0,DTE Biomass Energy Inc,Solano,8,"1, 2, 3, 4, 5",LFG,4/13/2016 12:00:00 AM,0,-121.984311903,38.215283852
4813,S0833,Amazon - Eastvale - LGB3,0,MN8 Energy,Riverside,2.4,GEN1,SUN,2/28/2019 12:00:00 AM,0,-117.552812934,33.997657111
4814,G0159,Solano County Cogeneration Plant,0,Solano County,Solano,2.92,"3163, 3164, 8338",NG,6/1/1989 12:00:00 AM,0,-122.039142679,38.246590247
4815,S0834,Amazon - Redland - LGB4,0,MN8 Energy,San Bernardino,1.9,GEN1,SUN,3/7/2019 12:00:00 AM,0,-117.203688988,34.077898082
4816,W0398,Anheuser-Busch,0,Foundation Windpower,Solano,1.5,WPRS 1,WND,12/1/2011 12:00:00 AM,0,-122.0892346,38.2322821280001
4817,S0835,Amazon - Rialto - LGB8,0,MN8 Energy,San Bernardino,2.2,GEN1,SUN,12/15/2018 12:00:00 AM,0,-117.403606949,34.129386088
4818,W0456,Anheuser-Busch #2,0,Foundation Windpower,Solano,1.6,WPRS 1,WND,12/31/1989 12:00:00 AM,0,-122.092097747,38.2335071860001
4819,S0836,Amazon - Riverside - LGB6,0,MN8 Energy,Riverside,2.4,GEN1,SUN,12/18/2018 12:00:00 AM,0,-117.298740987,33.88062211
4820,G0915,Lambie Peaker,0,"Gilroy Energy Center, LLC",Solano,48.1,LA1JT1,NG,1/1/2003 12:00:00 AM,0,-121.868095767,38.2218831770001
4821,S0837,Amazon - Sacramento - SMF1,0,MN8 Energy,Sacramento,2.65,GEN1,SUN,9/19/2018 12:00:00 AM,0,-121.574226804,38.682513918
4822,G0916,Goose Haven Peaker,0,Goose Haven Energy Center LLC,Solano,48.1,GH1JT1,NG,1/1/2003 12:00:00 AM,0,-121.843770961,38.227108679
4823,S0838,Amazon - San Bernadino - SNA7,0,MN8 Energy,San Bernardino,1.95,GEN1,SUN,12/7/2018 12:00:00 AM,0,-117.272340976,34.0784170860001
4824,G0918,Creed Energy Center,0,Creed Energy Center LLC,Solano,48.1,CD1JT1,NG,1/1/2003 12:00:00 AM,0,-121.855080947,38.24160197
4825,S9304,Vaca Solar Millenium Fund LLC (Vaca Solar #100),0,Not Available,Solano,1.5,Unit 1,SUN,12/31/2013 12:00:00 AM,0,-121.921792794,38.3291619730001
4826,S0839,Amway,0,MN8 Energy,Orange,1.18,GEN1,SUN,11/21/2017 12:00:00 AM,0,-117.997469868,33.8780651500001
4827,E0236,Hay Road,0,G2 Energy (Hay Road) LLC,Solano,1.6,362,LFG,6/21/2013 12:00:00 AM,0,-121.833501733,38.3147329880001
4828,S0840,California City,0,MN8 Energy,Kern,1.92,GEN1,SUN,7/1/2018 12:00:00 AM,0,-117.981289762,35.1577050080001
4829,S0154,Point Pleasant (Lawrence Solar Farm),0,Sacramento PV Energy LLC,Sacramento,1,PV1,SUN,12/30/2011 12:00:00 AM,0,-121.431278083,38.3388701860001
4830,S0841,County of San Diego SBRC,0,MN8 Energy,San Diego,1.31,GEN1,SUN,12/27/2018 12:00:00 AM,0,-117.127444484,32.586955103
4831,S0156,Grundman-Wilkinson Solar Farm (Bruceville Road),0,Sacramento PV Energy LLC,Sacramento,18,PV1,SUN,12/28/2011 12:00:00 AM,0,-121.413170835,38.3656832240001
4832,S0842,CSU Long Beach - Lot 14,0,MN8 Energy,Los Angeles,3.72,GEN1,SUN,12/20/2017 12:00:00 AM,0,-118.115340856,33.7827571670001
4833,S0203,Green Acres Solar Facility 2,0,SEAI Elk Grove LLC,Sacramento,1,1,SUN,9/1/2012 12:00:00 AM,0,-121.461809265,38.283461398
4834,S0843,CSUF Nutwood,0,MN8 Energy,Orange,1.95,GEN1,SUN,12/16/2016 12:00:00 AM,0,-117.889415886,33.8822771430001
4835,S0204,Green Acres Solar Facility 1,0,SEAI Elk Grove LLC,Sacramento,3,1,SUN,9/1/2012 12:00:00 AM,0,-121.465772435,38.282306449
4836,S0844,CSUF State College,0,MN8 Energy,Orange,1.08,GEN1,SUN,12/16/2016 12:00:00 AM,0,-117.889415886,33.8822771430001
4837,S0205,RE Kammerer Road 1,0,MN8 Energy,Sacramento,6.65,1,SUN,1/1/2012 12:00:00 AM,0,-121.387550536,38.3636556550001
4838,S0845,Grossmont Grossmont HS,0,MN8 Energy,San Diego,1.35,GEN1,SUN,12/14/2018 12:00:00 AM,0,-116.986296125,32.7806282220001
4839,S0206,RE Kammerer Road 2,0,MN8 Energy,Sacramento,6.65,1,SUN,1/1/2012 12:00:00 AM,0,-121.383446006,38.363681478
4840,S0846,Internal Services Dept - ISD,0,MN8 Energy,Los Angeles,1.91,GEN1,SUN,9/22/2020 12:00:00 AM,0,-118.174437825,34.05081714
4841,S0207,RE Kammerer Road 3,0,MN8 Energy,Sacramento,6.65,1,SUN,1/1/2012 12:00:00 AM,0,-121.38226899,38.360928605
4842,S0847,Kern_Frontier,0,MN8 Energy,Kern,1.48,GEN1,SUN,12/13/2018 12:00:00 AM,0,-119.148135543,35.4188130520001
4843,S0284,RE Bruceville Solar 1,0,MN8 Energy,Sacramento,6.65,1,SUN,1/1/2012 12:00:00 AM,0,-121.414580064,38.34896286
4844,S0285,RE Bruceville Solar 2,0,MN8 Energy,Sacramento,6.65,1,SUN,1/1/2012 12:00:00 AM,0,-121.414970124,38.346708694
4845,S0848,Kern_Liberty,0,MN8 Energy,Kern,1.47,GEN1,SUN,12/13/2018 12:00:00 AM,0,-119.128775551,35.3662320560001
4846,S0286,RE Bruceville Solar 3,0,MN8 Energy,Sacramento,6.65,1,SUN,1/1/2012 12:00:00 AM,0,-121.409945687,38.3476304860001
4847,S0155,Kost (Fleshman Solar Farm),0,Sacramento PV Energy LLC,Sacramento,3,PV1,SUN,11/19/2011 12:00:00 AM,0,-121.337797027,38.2380029820001
4848,S0849,MLK Jr. Hospital - MLK,0,MN8 Energy,Los Angeles,1.65,GEN1,SUN,8/25/2020 12:00:00 AM,0,-118.242792823,33.9231641580001
4849,S0157,Boessow (Van Connett Solar Farm),0,Sacramento PV Energy LLC,Sacramento,3,PV1,SUN,12/20/2011 12:00:00 AM,0,-121.278976662,38.253740878
4850,S0850,Rancho Water District,0,MN8 Energy,Riverside,4,GEN1,SUN,6/23/2016 12:00:00 AM,0,-117.200685491,33.5411673240001
4851,S0211,RE McKenzie 1,0,MN8 Energy,Sacramento,5,1,SUN,1/1/2012 12:00:00 AM,0,-121.294970581,38.309117767
4852,S0851,RPU - Scheuer,0,MN8 Energy,San Bernardino,3,GEN1,SUN,6/18/2018 12:00:00 AM,0,-117.276611223,34.1101955130001
4853,S0212,RE McKenzie 2,0,MN8 Energy,Sacramento,5,1,SUN,1/1/2012 12:00:00 AM,0,-121.291795543,38.3105140260001
4854,S0852,Stanford - Parking Structure 5,0,MN8 Energy,Santa Clara,1.8,GEN1,SUN,3/30/2017 12:00:00 AM,0,-122.18204386,37.431707067
4855,S0213,RE McKenzie 3,0,MN8 Energy,Sacramento,5,1,SUN,1/1/2012 12:00:00 AM,0,-121.291632167,38.307117218
4856,S0853,TGT - Shafter - T0593,0,MN8 Energy,Kern,1.58,GEN1,SUN,9/26/2018 12:00:00 AM,0,-119.185480535,35.4453170520001
4857,S0214,RE McKenzie 4,0,MN8 Energy,Sacramento,5,1,SUN,1/1/2012 12:00:00 AM,0,-121.293386062,38.3041058110001
4858,S0854,TGT - Woodland - T0555,0,MN8 Energy,Yolo,1.92,GEN1,SUN,12/13/2018 12:00:00 AM,0,-121.723480781,38.682315929
4859,S0855,UC Merced -Broadway 3,0,MN8 Energy,Merced,1,GEN1,SUN,10/28/2009 12:00:00 AM,0,-120.424172139,37.3647509480001
4860,S0856,UC Merced -Broadway 5,0,MN8 Energy,Merced,4.54,GEN1,SUN,12/19/2018 12:00:00 AM,0,-120.424172139,37.3647509480001
4861,S0857,UC Riverside - Lot 30,0,MN8 Energy,Riverside,3.34,GEN1,SUN,12/8/2017 12:00:00 AM,0,-117.332065974,33.9698011020001
4862,S0858,UC Riverside,0,MN8 Energy,Riverside,3,GEN1,SUN,9/26/2014 12:00:00 AM,0,-117.332065974,33.9698011020001
4863,S0859,UCSB Lot 38,0,MN8 Energy,Santa Barbara,1.77,GEN1,SUN,12/13/2016 12:00:00 AM,0,-119.853501048,34.4200548970001
4864,S0860,Scarlet Solar I,0,EDP Renewables North America LLC,Fresno,200,Unit 1,SUN,5/3/2024 12:00:00 AM,0,-120.347899233,36.606849013
4865,W0490,AM Wind Repower LLC,0,Brookfield Renewable Power Group,Riverside,29.4,WPRS 1,WND,,0,-116.687281269,33.93134516
4866,S0861,Eland 1,0,CD Arevon USA Inc.,Kern,200,68SF8,SUN,11/19/2024 12:00:00 AM,0,-118.007998953,35.202394305
4867,S0215,RE McKenzie 5,0,MN8 Energy,Sacramento,5,1,SUN,1/1/2012 12:00:00 AM,0,-121.287330603,38.30556728
4868,S0862,Vikings Energy Farm LLC,0,CD Arevon USA Inc.,Imperial,136.8,GEN1,SUN,10/7/2024 12:00:00 AM,0,-115.295582432,32.803259944
4869,S0863,Arrache 4006 (CAISO),0,Not Available,Los Angeles,2,"Unit 1, Unit 2",SUN,12/22/2023 12:00:00 AM,0,-118.056053554,34.5310190600001
4870,S0864,Avenue 26 Solar (CAISO),0,Not Available,Madera,7.56,"Unit 1, Unit 2",SUN,8/1/2024 12:00:00 AM,0,-120.171367066,37.127145522
4871,S0865,Fresno Community Solar (CAISO),0,Not Available,Fresno,10,Unit 1,SUN,7/29/2024 12:00:00 AM,0,-119.880560538,36.7010746330001
4872,S0866,Inyokern Solar 1203 (CAISO),0,Not Available,Kern,19.9,Unit 1,SUN,12/1/2024 12:00:00 AM,0,-117.800714647,35.6514358430001
4873,S0867,Inyokern Solar 1281 (CAISO),0,Not Available,Kern,11.9,Unit 1,SUN,11/1/2024 12:00:00 AM,0,-117.800714647,35.6514358430001
4874,S0868,Landpro Mitchell (CAISO),0,Not Available,San Bernardino,1.5,Unit 1,SUN,5/28/2024 12:00:00 AM,0,-117.32137491,34.765876011
4875,S0869,Landpro Rudy (CAISO),0,Not Available,San Bernardino,1.5,Unit 1,SUN,6/25/2024 12:00:00 AM,0,-117.337662114,33.7072314120001
4876,S0870,Madelyn (CAISO),0,Not Available,San Bernardino,1,Unit 1,SUN,6/25/2024 12:00:00 AM,0,-117.337661554,33.7070583220001
4877,S0871,McFarland Solar B Hybrid (CAISO) (AZ),0,Not Available,Yuma,375,Unit 1,SUN,9/26/2024 12:00:00 AM,0,-113.489078376,32.9518666230001
4878,S0872,Northern Orchard Solar (CAISO),0,Not Available,Kern,150,Unit 1,SUN,9/1/2024 12:00:00 AM,0,-119.309889344,35.1228574730001
4879,S0873,Nunn (CAISO),0,Not Available,San Bernardino,1,Unit 1,SUN,6/25/2024 12:00:00 AM,0,-117.15510396,34.5081570310001
4880,S0874,Quartzite Solar 8 (CAISO),0,Not Available,Riverside,300,Unit 1,SUN,12/1/2024 12:00:00 AM,0,-114.692027475,33.5739190050001
4881,S0875,Rexford Solar Farm (CAISO),0,Not Available,Tulare,300,Unit 1,SUN,10/1/2024 12:00:00 AM,0,-119.035853297,35.8947551270001
4882,S0876,Rutan (CAISO),0,Not Available,Los Angeles,4,"Unit 1, Unit 2, Unit 3",SUN,4/29/2024 12:00:00 AM,0,-118.165480379,34.6163873780001
4883,S0877,Sandrini Solar 100 (CAISO),0,Not Available,Kern,100,Unit 1,SUN,9/1/2024 12:00:00 AM,0,-119.097281791,35.0946556430001
4884,S0878,Sandrini Solar 200 (CAISO),0,Not Available,Kern,200,Unit 1,SUN,9/1/2024 12:00:00 AM,0,-119.097281791,35.0946556430001
4885,S0879,Scarlet Solar 2 PV (CAISO),0,Not Available,Fresno,200,Unit 1,SUN,12/1/2024 12:00:00 AM,0,-120.347899233,36.606849013
4886,S0880,Vinam (CAISO),0,Not Available,Los Angeles,1.5,Unit 1,SUN,10/30/2023 12:00:00 AM,0,-118.058876792,34.6717600650001
4887,S0881,Visalia CSG (CAISO),0,Not Available,Tulare,3,Unit 1,SUN,4/3/2024 12:00:00 AM,0,-119.242449142,36.3074928680001
4888,S0882,West Tambo Clean Power II (CAISO),0,Not Available,Merced,2,Unit 1,SUN,8/1/2024 12:00:00 AM,0,-120.722348792,37.3611834700001
4889,S0883,White Wing Ranch Solar (CAISO) (AZ),0,Not Available,Yuma,179,Unit 1,SUN,6/1/2024 12:00:00 AM,0,-114.624618852,32.694590014
4890,S0884,Citizens Imperial Solar,0,Not Available,Imperial,30,Unit 1,SUN,8/1/2019 12:00:00 AM,0,-115.477648951,33.191128484
4891,S0885,Tulare CSG LLC (CAISO),0,Not Available,Tulare,3,Unit 1,SUN,10/28/2024 12:00:00 AM,0,-119.477829135,35.9893417150001
4892,S0886,"Currumbin Solar, LLC (CAISO)",0,Not Available,Kern,2.25,Unit 1,SUN,1/7/2025 12:00:00 AM,0,-119.272547636,35.4977253120001
4893,S0887,Ma 4035 (CAISO),0,Not Available,Los Angeles,1.5,Unit 1,SUN,5/20/2024 12:00:00 AM,0,-118.150340255,34.6902035090001
4894,S0888,Kern Sunset (CAISO),0,Not Available,Kern,2.37,Unit 1,SUN,1/14/2025 12:00:00 AM,0,-118.984438869,35.323939142
4895,S0889,East Cleveland Solar (CAISO),0,Not Available,Merced,3,Unit 1,SUN,11/1/2024 12:00:00 AM,0,-120.45638626,37.1270143720001
4896,G1083,Acid (CAISO),0,Not Available,Fresno,110.6,"Unit 1, Unit 2",NG,11/18/2024 12:00:00 AM,0,-119.742808062,36.680506435
4897,S0216,RE McKenzie 6,0,MN8 Energy,Sacramento,5,1,SUN,1/1/2012 12:00:00 AM,0,-121.283482277,38.3054382440001
4898,H0080,Camanche,0,East Bay Municipal Utility District (EBMUD),San Joaquin,10.8,"1, 2, 3",WAT,7/1/1983 12:00:00 AM,0,-121.024001542,38.2254977860001
4899,S0602,Rancho Seco Solar,0,D. E. Shaw,Sacramento,10.9,Unit 1,SUN,8/11/2016 12:00:00 AM,0,-121.114481223,38.339851837
4900,S0063,Rancho Seco Solar PV - Retired 3/31/2013,1,Sacramento Municipal Utility District (SMUD),Sacramento,0,"1, 2",SUN,2/1/1986 12:00:00 AM,0,-121.11711904,38.3420578700001
4901,G0889,Cosumnes Power Plant,0,Wood Group Power Operations,Sacramento,500,"CTG 2, CTG 3, STG 1",NG,2/24/2006 12:00:00 AM,1,-121.123583024,38.338496553
4902,S0701,Rancho Seco Solar II,0,D. E. Shaw,Sacramento,160,RSS2,SUN,12/1/2020 12:00:00 AM,0,-121.118572753,38.343777743
4903,H0380,Pardee,0,East Bay Municipal Utility District (EBMUD),Calaveras,23.6,"Unit 1, Unit 2, Unit 3",WAT,7/1/1930 12:00:00 AM,0,-120.850507568,38.2567779570001
4904,E0201,Buena Vista Biomass (retired 2/2016),1,Buena Vista Biomass Power,Amador,0,1,WDS,1/13/2013 12:00:00 AM,0,-120.914619221,38.277397847
4905,C0005,Buena Vista Biomass Power (Jackson Valley) Retired Dec 2012,1,Jackson Valley Energy Part LP,Amador,0,1,PC,6/1/1986 12:00:00 AM,0,-120.913742425,38.27790437
4906,E0051,Wheelabrator Martell Inc - Retired December 2003,1,Wheelabrator Martell Inc,Amador,0,Unit 1,OGW,3/1/1986 12:00:00 AM,0,-120.808524073,38.3681159330001
4907,G0378,Mule Creek State Prison - Retired 1/26/2016,1,Mule Creek State Prison,Amador,0,"1, 2",NG,1/1/1989 12:00:00 AM,0,-120.949637293,38.3696722110001
4908,H0171,Electra,0,Pacific Gas & Electric (PG&E),Amador,99,"Unit 575, Unit 576, Unit 577",WAT,6/29/1948 12:00:00 AM,0,-120.669999417,38.331004287
4909,H0022,Beardsley,0,Tri-Dam Project & Tri-Dam Power Authority,Tuolumne,11.7,1,WAT,7/1/1956 12:00:00 AM,0,-120.077044233,38.2025342370001
4910,H0145,Donnells,0,Tri-Dam Project & Tri-Dam Power Authority,Tuolumne,72,1,WAT,7/1/1956 12:00:00 AM,0,-120.034149862,38.246479261
4911,G1024,Fuel Cell DFC,1,County of Sonoma,Sonoma,0,FCE,NG,11/1/2010 12:00:00 AM,0,-122.723366767,38.4666196490001
4912,S9309,Chalk Hill Solar Project  LLC_(CHSP),0,Not Available,Sonoma,0.3,Unit 1,SUN,12/31/2013 12:00:00 AM,0,-122.750193257,38.493705956
4913,G0653,Veterans Home of California,1,Veterans Home of California,Napa,0,"1, 2",NG,7/1/1986 12:00:00 AM,0,-122.365986612,38.3945367750001
4914,H0343,Monticello,0,Solano Irrigation District,Napa,11.5,"1, 2, 3",WAT,6/1/1983 12:00:00 AM,0,-122.104178619,38.5135551060001
4915,S9404,Putah Creek Solar Farm,0,Not Available,Yolo,2,1,SUN,12/1/2014 12:00:00 AM,0,-121.994667513,38.521598496
4916,S0630,Genentech Inc. - Vacaville,0,Tesla Inc.,Solano,7.9,"Unit 1, Unit 2",SUN,5/8/2017 12:00:00 AM,0,-121.945487068,38.388085034
4917,S9006,Alza Corporation (700 Eubanks),0,Not Available,Solano,1,1,SUN,1/1/2012 12:00:00 AM,0,-121.964323112,38.4002311290001
4918,S9009,Mariani Packing Co. Inc.,0,Not Available,Solano,1,1,SUN,1/1/2012 12:00:00 AM,0,-121.950908291,38.4069824110001
4919,S9100,Norvartis Pharmaceuticals Corp,0,Not Available,Solano,1,1,SUN,1/1/2012 12:00:00 AM,0,-121.962817133,38.38849893
4920,G0909,Vaca Dixon - CalPeak Power,0,PIC Energy,Solano,49.9,4,NG,6/21/2002 12:00:00 AM,0,-121.92395544,38.3990353680001
4921,S0110,Vaca Dixon Solar Station,0,Pacific Gas & Electric (PG&E),Solano,2,1,SUN,12/22/2009 12:00:00 AM,0,-121.926421943,38.4107340140001
4922,S9108,Superior Packing Co.,0,Not Available,Solano,1.1,1,SUN,1/1/2012 12:00:00 AM,0,-121.820544435,38.4205507680001
4923,W0405,Superior Farms,0,Foundation Windpower,Solano,1,WPRS 1,WND,12/1/2012 12:00:00 AM,0,-121.81745367,38.4201238520001
4924,S0310,Grasslands EPWF,0,Yolo County General Services,Yolo,2.5,1,SUN,7/1/2013 12:00:00 AM,0,-121.694432157,38.5015392380001
4925,S0311,Grasslands RES-BCT,0,Yolo County General Services,Yolo,2.5,1,SUN,7/1/2013 12:00:00 AM,0,-121.692346354,38.5015992140001
4926,G0639,University of California  Davis - Idefinite Shutdown,1,UC Davis Operations & Maintenance Utilities Division,Yolo,0,GEN1,NG,2/1/1981 12:00:00 AM,0,-121.456244833,38.555960068
4927,S0660,Sacramento Regional County Sanitation District,0,Tesla Inc.,Sacramento,3.73,Unit 1,SUN,1/26/2018 12:00:00 AM,0,-121.466142355,38.4361962680001
4928,S9092,Siemens Industry Inc.,0,Not Available,Sacramento,1,1,SUN,1/1/2012 12:00:00 AM,0,-121.392382106,38.487410406
4929,S9102,Granite Construction Company,0,Not Available,Sacramento,1.1,1,SUN,1/1/2012 12:00:00 AM,0,-121.405788425,38.542875075
4930,S9139,Campbell Soup Supply Company LLC,0,Not Available,Sacramento,2,1,SUN,1/1/2012 12:00:00 AM,0,-121.475608216,38.516754013
4931,S9147,U.S. National Leasing LLC_(Depot Park),0,Not Available,Sacramento,3,1,SUN,1/1/2012 12:00:00 AM,0,-121.401387008,38.5153539680001
4932,G0076,Sacramento Campbell Soup SPA,0,Connective Operating Services,Sacramento,173.9,"Unit CT, Unit ST",NG,12/1/1997 12:00:00 AM,1,-121.473979743,38.511153612
4933,G0085,Carson Ice CG,0,Carson Energy Group,Sacramento,119.5,"Unit 1, Unit 2, Unit CT",NG,10/1/1995 12:00:00 AM,0,-121.462345728,38.445784255
4934,G0467,Sacramento SCA,0,Carson Energy Group,Sacramento,193.4,"CCST, CT1A, CT1B, CT1C",NG,3/1/1997 12:00:00 AM,1,-121.399838209,38.5308345500001
4935,S0090,Hedge PV (S0090),0,Sacramento Municipal Utility District (SMUD),Sacramento,0.2,1,SUN,6/1/1994 12:00:00 AM,0,-121.354054246,38.5051767420001
4936,S0280,RE Dillard Road 1,0,MN8 Energy,Sacramento,3.99,1,SUN,1/1/2012 12:00:00 AM,0,-121.182603829,38.4699865420001
4937,S0281,RE Dillard Road 2,0,MN8 Energy,Sacramento,3.99,1,SUN,1/1/2012 12:00:00 AM,0,-121.17759805,38.4668329360001
4938,S0282,RE Dillard Road 3,0,MN8 Energy,Sacramento,3.99,1,SUN,1/1/2012 12:00:00 AM,0,-121.182389072,38.4639549240001
4939,S0283,RE Dillard Road 4,0,MN8 Energy,Sacramento,0.53,1,SUN,1/1/2012 12:00:00 AM,0,-121.180168633,38.462799455
4940,S9097,FAA Norcal TRACON,0,Not Available,Sacramento,1,1,SUN,1/1/2012 12:00:00 AM,0,-121.259056255,38.5613404590001
4941,E0203,Kiefer Landfill Gas-to-Energy Facility,0,Landfill Energy Systems,Sacramento,9.15,"1, 2, 3",LFG,12/1/1999 12:00:00 AM,0,-121.19256973,38.514904658
4942,E0305,Kiefer Landfill Phase II (KLG2),0,NextEra Energy Resources LLC,Sacramento,6,"Unit 4, Unit 5",LFG,3/1/2006 12:00:00 AM,0,-121.192549808,38.5146778590001
4943,S9107,Nilsen Farms,0,Not Available,Sacramento,1.1,1,SUN,1/1/2012 12:00:00 AM,0,-121.163599653,38.4501547620001
4944,H0516,Tiger Creek,0,Pacific Gas & Electric (PG&E),Amador,60,"Unit 584, Unit 585",WAT,8/1/1931 12:00:00 AM,0,-120.492635144,38.449091276
4945,H0558,West Point,0,Pacific Gas & Electric (PG&E),Amador,14,Unit 586,WAT,11/21/1948 12:00:00 AM,0,-120.549482733,38.4209025650001
4946,S9182,Fresh Air Energy  LLC_(Pioneer 1),0,Not Available,Amador,1.5,Unit 1,SUN,12/31/2013 12:00:00 AM,0,-120.595427453,38.4132467260001
4947,H0431,Salt Springs,0,Pacific Gas & Electric (PG&E),Amador,46,"Unit 580, Unit 581",WAT,6/15/1931 12:00:00 AM,0,-120.218154198,38.497893515
4948,H0356,Spicer,0,Northern California Power Agency,Tuolumne,6,"GEN 1, GEN 2, GEN 3",WAT,2/1/1990 12:00:00 AM,0,-120.000769957,38.391599361
4949,W0417,Milford Wind 1 - (Utah),0,Longroad Energy,Beaver,203.5,Milford Wind 1,WND,11/16/2009 12:00:00 AM,0,-112.953693477,38.551310464
4950,H0485,Warm Springs,0,Sonoma County Water Agency,Sonoma,2.79,3385,WAT,12/1/1988 12:00:00 AM,0,-123.011274026,38.7221215100001
4951,S9055,Clos Du Bois Wines Inc.,0,Not Available,Sonoma,1,1,SUN,1/1/2012 12:00:00 AM,0,-122.877811725,38.6849200620001
4952,T0040,Geothermal 2,0,Northern California Power Agency,Sonoma,110,"3, 4",GEO,1/1/1985 12:00:00 AM,1,-122.71119004,38.748511099
4953,S9082,Cemex Construction Materials Pacific LLC,0,Not Available,Yolo,1,1,SUN,1/1/2012 12:00:00 AM,0,-121.946328898,38.6823545510001
4954,W0399,Cemex Madison,0,Foundation Windpower,Yolo,1,WPRS 1,WND,11/1/2011 12:00:00 AM,0,-121.935209124,38.687622248
4955,S0115,Yolo County Solar Project,0,Yolo County General Services,Yolo,1,1,SUN,7/1/2010 12:00:00 AM,0,-121.729524069,38.6599374460001
4956,S9010,Co. Inc. #21 Walgreens,0,Not Available,Yolo,1,1,SUN,1/1/2012 12:00:00 AM,0,-121.712744289,38.674985916
4957,S9022,Tony's Fine Foods,0,Not Available,Yolo,1,1,SUN,1/1/2012 12:00:00 AM,0,-121.561008318,38.5915020730001
4958,S9110,Amir Development Company,0,Not Available,Yolo,1.1,1,SUN,1/1/2012 12:00:00 AM,0,-121.713922928,38.6750236930001
4959,E0105,Woodland Biomass Power Ltd,0,Quixx,Yolo,28,Unit 1,WDS,9/1/1989 12:00:00 AM,0,-121.736941959,38.6908514770001
4960,E0154,MM Yolo Power LLC Facility,1,Yolo County General Services,Yolo,2.85,"1- 4, 1- 5, 5",LFG,10/1/1990 12:00:00 AM,0,-121.687463868,38.5962985960001
4961,S0405,Strata Roof 1,0,Strata Clean Energy,Sacramento,1,Unit 1,SUN,5/15/2013 12:00:00 AM,0,-121.506205818,38.642729198
4962,S0661,US General Service Administration - Sacramento,0,Tesla Inc.,Sacramento,1.38,Unit 1,SUN,3/29/2018 12:00:00 AM,0,-121.398015541,38.600859568
4963,G0335,McClellan,0,Sacramento Municipal Utility District (SMUD),Sacramento,74.2,1,NG,3/1/1986 12:00:00 AM,0,-121.393077713,38.652631506
4964,S0719,Wildflower Solar 1,0,"Wildflower Solar I, LLC",Sacramento,13,CAWF1,SUN,12/14/2020 12:00:00 AM,0,-121.478236394,38.7039640880001
4965,H0360,Nimbus,0,United States Bureau of Reclamation,Sacramento,13.5,"UNIT 1, UNIT 2",WAT,5/1/1955 12:00:00 AM,0,-121.220309089,38.6374754880001
4966,H0186,Folsom,0,United States Bureau of Reclamation,Sacramento,198.72,"1, 2, 3",WAT,5/1/1955 12:00:00 AM,0,-121.158472583,38.70672368
4967,S0116,Aerojet I (3.6MW) Solar Plant,0,Altus Power America Inc,Sacramento,3.6,Aerojet I,SUN,12/23/2009 12:00:00 AM,0,-121.163120581,38.6136198510001
4968,S0130,Aerojet II (2.4MW) Solar Plant,0,Altus Power America Inc,Sacramento,2.4,Aerojet II,SUN,5/21/2010 12:00:00 AM,0,-121.170588776,38.609556621
4969,S0622,Intel Corporation - Folsom Carport Phase 1,0,Tesla Inc.,Sacramento,1.1,956100-CA,SUN,7/9/2010 12:00:00 AM,0,-121.166102335,38.6468161880001
4970,S0629,Intel Corporation - Folsom Carport Phase 3,0,Tesla Inc.,Sacramento,6.45,9568336-CA,SUN,9/29/2016 12:00:00 AM,0,-121.164643051,38.64547005
4971,S9096,Intel Corporation - Folsom Carport Phase 2,0,Not Available,Sacramento,1,1,SUN,1/1/2012 12:00:00 AM,0,-121.172724863,38.644235715
4972,S9098,Intel Corporation,0,Not Available,Sacramento,1,1,SUN,1/1/2012 12:00:00 AM,0,-121.167723079,38.6454980410001
4973,G0801,Kirkwood Meadows PUD,0,Kirkwood Meadows ,Amador,7.15,"1, 2, 3, 4, 5, 6, 7, 8, Old 3-8, Unit 1-8",DFO,1/1/1972 12:00:00 AM,0,-120.064650294,38.686588241
4974,W0418,Milford Wind 2 - (Utah),0,Longroad Energy,Beaver,100.5,Milford Wind 2,WND,6/10/2010 12:00:00 AM,0,-112.917733295,38.590857774
4975,S0309,Cloverdale Solar I,0,GreenLead-TNX Management,Sonoma,2,1,SUN,6/1/2014 12:00:00 AM,0,-123.019085655,38.7757603220001
4976,S0692,Cloverdale Solar Center,0,"Adapture Renewables, Inc.",Sonoma,1,Unit 1,SUN,6/11/2019 12:00:00 AM,0,-123.020461271,38.769171295
4977,S9013,Fosters Wine Estates Inc.,0,Not Available,Sonoma,1,1,SUN,1/1/2012 12:00:00 AM,0,-122.972648348,38.762562775
4978,S9305,Cloverdale Solar 1  LLC_(FSEC1),0,Not Available,Sonoma,1.5,Unit 1,SUN,12/31/2013 12:00:00 AM,0,-123.01707735,38.773895888
4979,S9306,Cloverdale Solar 2  LLC_(FSEC2),0,Not Available,Sonoma,1.5,Unit 1,SUN,12/31/2013 12:00:00 AM,0,-123.016651122,38.7747519640001
4980,T0007,West Ford Flat #4 (retired 12/2016),1,Geysers Power Company LLC,Lake,0,"WFST1, WFST2",GEO,12/1/1988 12:00:00 AM,0,-122.722142705,38.787984538
4981,T0023,Aidlin #1,0,Geysers Power Company LLC,Sonoma,22.4,"ADST1, ADST2",GEO,5/1/1989 12:00:00 AM,0,-122.881086915,38.833908857
4982,T0027,Quick Silver #16,0,Geysers Power Company LLC,Lake,120,QKST16,GEO,1/1/1985 12:00:00 AM,1,-122.721977616,38.7879832560001
4983,T0028,Lakeview #17,0,Geysers Power Company LLC,Sonoma,120,LVST17,GEO,1/1/1982 12:00:00 AM,1,-122.781434526,38.823504024
4984,T0029,Socrates #18,0,Geysers Power Company LLC,Sonoma,120,SCST18,GEO,1/1/1983 12:00:00 AM,1,-122.747745947,38.768823915
4985,T0030,Grant #20,0,Geysers Power Company LLC,Sonoma,120,GTST20,GEO,10/1/1985 12:00:00 AM,1,-122.755065334,38.7790973040001
4986,T0039,Geothermal 1,0,Northern California Power Agency,Sonoma,110,"1, 2",GEO,1/1/1983 12:00:00 AM,1,-122.719211995,38.7519345470001
4987,T0046,Sonoma #3,0,Geysers Power Company LLC,Sonoma,78,SOST3,GEO,12/1/1983 12:00:00 AM,1,-122.756255644,38.79021371
4988,T0050,Calistoga #19,0,Geysers Power Company LLC,Lake,97,"CAST1, CAST2",GEO,3/1/1984 12:00:00 AM,1,-122.744892548,38.789585452
4989,T0055,McCabe #5-#6,0,Geysers Power Company LLC,Sonoma,110,"MCST5, MCST6",GEO,12/1/1971 12:00:00 AM,0,-122.808707826,38.80562503
4990,T0056,Ridge Line #7-#8,0,Geysers Power Company LLC,Sonoma,110,"RLST7, RLST8",GEO,1/1/1972 12:00:00 AM,0,-122.801312203,38.814933013
4991,T0058,Eagle Rock #11,0,Geysers Power Company LLC,Sonoma,110,ERST11,GEO,1/1/1975 12:00:00 AM,0,-122.800396001,38.8269747100001
4992,T0059,Cobb Creek #12,0,Geysers Power Company LLC,Sonoma,110,CCST12,GEO,1/1/1979 12:00:00 AM,0,-122.784191671,38.8046128120001
4993,T0060,Big Geysers #13,0,Geysers Power Company LLC,Lake,95,BGST13,GEO,1/1/1980 12:00:00 AM,0,-122.728695612,38.7726703860001
4994,T0061,Sulphur Springs #14,0,Geysers Power Company LLC,Sonoma,117.5,SSST14,GEO,1/1/1980 12:00:00 AM,0,-122.78231424,38.7861095710001
4995,T0080,Bottle Rock Power,0,Bottle Rock Power LLC,Lake,55,1,GEO,2/1/1985 12:00:00 AM,1,-122.768269233,38.834867914
4996,T0005,Bear Canyon #2 (Retired January 2016),1,Geysers Power Company LLC,Lake,0,"BCST1, BCST2",GEO,9/1/1988 12:00:00 AM,0,-122.691869394,38.7627905470001
4997,T0057,Fumarole #9-#10,1,Geysers Power Company LLC,Sonoma,0,"FUST10, FUST9",GEO,7/1/1973 12:00:00 AM,0,-122.766637822,38.796143059
4998,H0576,Clear Lake,0,Yolo County Flood Control & Water Conservation District,Lake,2.5,3381,WAT,1/1/1986 12:00:00 AM,0,-122.566654438,38.923549839
4999,S9051,Power Agency Northern California,0,Not Available,Lake,1,1,SUN,1/1/2012 12:00:00 AM,0,-122.650953883,38.7704806240001
5000,G0213,Roseville Energy Park (REP),0,City of Roseville,Placer,267.2,"CT1, CT2, CT5 & CT6, STG1",NG,10/15/2007 12:00:00 AM,1,-121.382055391,38.792772799
5001,S9008,Foods Inc. United Natural,0,Not Available,Placer,1,1,SUN,1/1/2012 12:00:00 AM,0,-121.283191895,38.8141288350001
5002,S9268,Lincoln Solar Millenium Fund LLC_(Lincoln Solar #A),0,Not Available,Placer,1.5,Unit 1,SUN,12/31/2013 12:00:00 AM,0,-121.331727639,38.9080399790001
5003,S9269,Lincoln Solar Millenium Fund LLC_(Lincoln Solar #B),0,Not Available,Placer,1.5,Unit 1,SUN,12/31/2013 12:00:00 AM,0,-121.30437484,38.8701187460001
5004,S9270,Lincoln Solar Millenium Fund LLC_(Nicholas Solar #C),0,Not Available,Placer,1.5,Unit 1,SUN,12/31/2013 12:00:00 AM,0,-121.296850592,38.8725268810001
5005,E0004,SPI - Lincoln,0,Sierra Pacific Industries Inc,Placer,19.2,"GEN 2, GEN 3, GEN 4",WDS,6/1/1997 12:00:00 AM,0,-121.309738297,38.9030990200001
5006,E0099,Rio Bravo Rocklin,0,IHI Power Services Corp,Placer,24.3,Unit 1,WDS,6/1/1989 12:00:00 AM,0,-121.313477271,38.8318503610001
5007,E0225,Lincoln Landfill - WPWMA,0,Energy 2001 Inc,Placer,4.86,"Unit 1, Unit 2, Unit 3, Unit 4, Unit 5, Unit 6",LFG,11/8/2004 12:00:00 AM,0,-121.341706842,38.838139949
5008,G0382,Roseville,0,City of Roseville,Placer,50.4,"1, 2",NG,4/1/1986 12:00:00 AM,0,-121.323870949,38.810698399
5009,H0357,Newcastle,0,Pacific Gas & Electric (PG&E),Placer,11.5,Unit 943,WAT,10/28/1986 12:00:00 AM,0,-121.092978116,38.8352335220001
5010,H0569,Wise,0,Pacific Gas & Electric (PG&E),Placer,17.1,"Unit 1, Unit 2",WAT,3/4/1917 12:00:00 AM,0,-121.098521271,38.889778495
5011,H0096,Chili Bar,0,Sacramento Municipal Utility District (SMUD),El Dorado,7.02,1,WAT,3/1/1965 12:00:00 AM,0,-120.813144609,38.771826214
5012,H0167,El Dorado,0,El Dorado Irrigation District,El Dorado,20,"1, 2",WAT,1/26/1924 12:00:00 AM,0,-120.619148077,38.7935058640001
5013,H0422,Rock Creek L.P.,0,Hydroland,El Dorado,3.6,"1, 2",WAT,4/1/1986 12:00:00 AM,0,-120.778481565,38.7834169000001
5014,H0482,Slab Creek,0,Sacramento Municipal Utility District (SMUD),El Dorado,0.4,1,WAT,7/1/1983 12:00:00 AM,0,-120.698105563,38.7725535970001
5015,H0565,White Rock,0,Sacramento Municipal Utility District (SMUD),El Dorado,230,"Unit 1, Unit 2",WAT,2/1/1968 12:00:00 AM,0,-120.787358375,38.765306019
5016,H0081,Camino,0,Sacramento Municipal Utility District (SMUD),El Dorado,308,"1, 2, H1, H2",WAT,10/1/1963 12:00:00 AM,0,-120.53662065,38.82829407
5017,H0253,Jaybird,0,Sacramento Municipal Utility District (SMUD),El Dorado,154,"Unit 1, Unit 2",WAT,4/1/1961 12:00:00 AM,0,-120.531701022,38.834069003
5018,H0532,Union Valley,0,Sacramento Municipal Utility District (SMUD),El Dorado,46.7,Unit 1,WAT,10/1/1963 12:00:00 AM,0,-120.444325154,38.864308812
5019,H0255,Jones Fork,0,Sacramento Municipal Utility District (SMUD),El Dorado,11.5,Unit 1,WAT,6/1/1985 12:00:00 AM,0,-120.381869742,38.8502959630001
5020,H0414,Robbs Peak,0,Sacramento Municipal Utility District (SMUD),El Dorado,29.5,Unit 1,WAT,10/1/1965 12:00:00 AM,0,-120.378288461,38.896490886
5021,S9015,County of Lake,0,Not Available,Lake,1,1,SUN,1/1/2012 12:00:00 AM,0,-122.919093604,39.1066585080001
5022,H0243,Indian Valley Dam,0,Yolo County Flood Control & Water Conservation District,Lake,3.01,"1641, 1642, 8332",WAT,10/1/1983 12:00:00 AM,0,-122.535566862,39.0788350030001
5023,S9019,Power Agency Northern CA,0,Not Available,Lake,1,1,SUN,1/1/2012 12:00:00 AM,0,-122.627022702,38.9840763230001
5024,E0102,Wadham,0,Enpower Management Corporation,Colusa,29,UNIT 1,AB,5/1/1990 12:00:00 AM,0,-122.11057227,39.105752528
5025,G0917,Feather River Peaker,0,"Gilroy Energy Center, LLC",Sutter,48.1,GL4JT1,NG,12/1/2002 12:00:00 AM,0,-121.609345817,39.1089844110001
5026,G0238,Greenleaf 1  Inc.,0,Calpine Corporation - West Region,Sutter,60.7,"GL1JT1, GL1ST1, Unit A, Unit B",NG,3/1/1989 12:00:00 AM,0,-121.692428824,39.05241161
5027,G0779,Sutter Energy Center,0,Calpine Corporation - West Region,Sutter,551.8,"ST1CT1, ST1CT2, ST1ST1",NG,7/1/2001 12:00:00 AM,1,-121.6961839,39.05300714
5028,S9311,Pristine Sun Fund 8 Sutter PGE LLC_(2179_Smotherman),0,Not Available,Sutter,0.5,Unit 1,SUN,12/31/2013 12:00:00 AM,0,-121.498550538,39.093933534
5029,E0237,Ostrom Road,0,G2 Energy (Ostrom Road) LLC,Yuba,3.2,"359, 361",LFG,2/1/2009 12:00:00 AM,0,-121.396934468,39.075384451
5030,H0083,Camp Far West,0,South Sutter Water District,Placer,6.8,1,WAT,2/1/1985 12:00:00 AM,0,-121.316978747,39.048792523
5031,H0054,Combie South (3 @ 500kW = 1.5MW),0,Nevada Irrigation District,Nevada,1.5,1,WAT,4/27/1984 12:00:00 AM,0,-121.059065463,39.0096261740001
5032,H0109,Combie North (550 kW),0,Nevada Irrigation District,Placer,0.3,6P,WAT,10/1/1987 12:00:00 AM,0,-121.058740537,39.0101758120001
5033,H0217,Halsey,0,Pacific Gas & Electric (PG&E),Placer,11,Unit 569,WAT,12/6/1916 12:00:00 AM,0,-121.041911586,38.9569644630001
5034,H0374,Oxbow,0,Placer County Water Agency,Placer,6,915,WAT,10/1/1966 12:00:00 AM,0,-120.746551288,39.0035434970001
5035,H0406,Ralston,0,Placer County Water Agency,Placer,79,914,WAT,10/1/1966 12:00:00 AM,0,-120.725053558,39.000971619
5036,H0275,Middle Fork American River,0,Placer County Water Agency,Placer,116,"UNIT 1, UNIT 2",WAT,10/1/1966 12:00:00 AM,0,-120.596357673,39.024737557
5037,H0195,French Meadows,0,Placer County Water Agency,Placer,15,911,WAT,10/1/1966 12:00:00 AM,0,-120.406094392,39.0779692150001
5038,H0228,Hell Hole,0,Placer County Water Agency,Placer,0.73,1,WAT,7/1/1983 12:00:00 AM,0,-120.408058947,39.056475854
5039,H0289,Loon Lake,0,Sacramento Municipal Utility District (SMUD),El Dorado,82,Unit 1,WAT,9/1/1971 12:00:00 AM,0,-120.32447771,38.9827109560001
5040,H0283,Lake Mendocino,0,City of Ukiah,Mendocino,3.5,"G1, G2",WAT,5/1/1987 12:00:00 AM,0,-123.185814432,39.1975539920001
5041,S9052,Community College Mendocino,0,Not Available,Mendocino,1,1,SUN,1/1/2012 12:00:00 AM,0,-123.223548125,39.1862509580001
5042,S9264,East Side Calpella 2MW PV Project (1) (2012 PV RFO - 1),0,Not Available,Mendocino,2,Unit 1,SUN,12/31/2014 12:00:00 AM,0,-123.194756175,39.1430473830001
5043,S9265,Parducci 2MW PV Project (3) (2012 PV RFO - 1),0,Not Available,Mendocino,2,Unit 1,SUN,12/31/2014 12:00:00 AM,0,-123.194756175,39.1430473830001
5044,S9266,Ruddick-2 2MW PV Project (4) (2012 PV RFO - 1),0,Not Available,Mendocino,2,Unit 1,SUN,12/31/2014 12:00:00 AM,0,-123.194756175,39.1430473830001
5045,G0919,Yuba City Peaker,0,Calpine Corporation - West Region,Sutter,48.1,GL3JT1,NG,7/1/2002 12:00:00 AM,0,-121.638685656,39.139169693
5046,S9032,Lomo Cold Storage LLC,0,Not Available,Sutter,1,1,SUN,1/1/2012 12:00:00 AM,0,-121.63941682,39.219944495
5047,S9099,City of Yuba,0,Not Available,Sutter,1,1,SUN,1/1/2012 12:00:00 AM,0,-121.636615984,39.1440940000001
5048,S9310,Pristine Sun Fund 1  LLC_(2127_Harris),0,Pristine Sun LLC,Butte,1.25,Unit 1,SUN,12/31/2013 12:00:00 AM,0,-121.669484305,39.2921229500001
5049,G0239,Greenleaf 2  Inc.,0,Greenleaf Plants 1&2,Sutter,50,GL2JT1,NG,12/1/1989 12:00:00 AM,0,-121.639839888,39.136508206
5050,G0686,Yuba City Cogeneration Partners LP,0,Wellhead Services Inc,Sutter,49,GEN 1,NG,4/1/1990 12:00:00 AM,0,-121.638081438,39.1387272000001
5051,S9078,Yuba College,0,Not Available,Yuba,1,1,SUN,1/1/2012 12:00:00 AM,0,-121.53399738,39.125119672
5052,H0348,Narrows 1,0,Yuba County Water Agency,Nevada,12,Unit 553,WAT,12/29/1942 12:00:00 AM,0,-121.27171239,39.236383549
5053,H0354,Narrows 2,0,Yuba County Water Agency,Yuba,55,1,WAT,6/5/1970 12:00:00 AM,0,-121.2703519,39.2390373380001
5054,H0005,Alta,0,Pacific Gas & Electric (PG&E),Placer,1,"1, 2",WAT,11/1/1902 12:00:00 AM,0,-120.803511509,39.2159809770001
5055,H0095,Chicago Park,0,Nevada Irrigation District,Nevada,44,UNIT 1,WAT,11/1/1965 12:00:00 AM,0,-120.891041826,39.17811549
5056,H0133,Deer Creek,0,Pacific Gas & Electric (PG&E),Nevada,5.5,1,WAT,5/1/1908 12:00:00 AM,0,-120.844158217,39.298118577
5057,H0156,Dutch Flat #1,0,Pacific Gas & Electric (PG&E),Placer,22,Unit 568,WAT,3/29/1943 12:00:00 AM,0,-120.835650407,39.2169673820001
5058,H0157,Dutch Flat 2,0,Nevada Irrigation District,Nevada,27.3,UNIT 1,WAT,11/1/1965 12:00:00 AM,0,-120.835323124,39.2183487200001
5059,H0347,Scotts Flat (860kW Nameplate Capacity),0,Nevada Irrigation District,Nevada,1,7P,WAT,2/1/1985 12:00:00 AM,0,-120.93250799,39.2721108210001
5060,H0424,Rollins,0,Nevada Irrigation District,Nevada,13.5,UNIT 1,WAT,8/1/1980 12:00:00 AM,0,-120.953256664,39.1342683070001
5061,H0154,Drum #1,0,Pacific Gas & Electric (PG&E),Placer,55.5,"Unit 563, Unit 564, Unit 565, Unit 566",WAT,11/26/1913 12:00:00 AM,0,-120.767290663,39.2568513960001
5062,H0155,Drum #2,0,Pacific Gas & Electric (PG&E),Placer,49.5,Unit 567,WAT,12/18/1965 12:00:00 AM,0,-120.766888796,39.257342812
5063,G0294,Kings Beach - Retired 12/31/2002,1,Sierra Pacific Resources,Placer,0,"Unit 1, Unit 2, Unit 3, Unit 4, Unit 5, Unit 6",OIL,1/1/1969 12:00:00 AM,0,-120.026746883,39.2460488500001
5064,E0039,Fort Bragg Western Wood Products - Retired December 2001,1,Georgia Pacific Corp,Mendocino,0,GEN1,WDS,1/1/1980 12:00:00 AM,0,-123.811041336,39.443831323
5065,H0401,Potter Valley,0,Pacific Gas & Electric (PG&E),Mendocino,9.46,"1, 2, 3",WAT,3/1/1910 12:00:00 AM,0,-123.127955517,39.361807377
5066,G0934,Colusa Generating Station,0,Pacific Gas & Electric (PG&E),Colusa,692,"166, 336, 337",NG,12/22/2010 12:00:00 AM,1,-122.269787154,39.365957935
5067,S9120,Roplast Industries Inc.,0,Not Available,Butte,1.2,1,SUN,1/1/2012 12:00:00 AM,0,-121.562372574,39.4775046830001
5068,S9183,Pristine Sun Fund 1  LLC_(2125_Jarvis),0,Not Available,Butte,1,Unit 1,SUN,12/31/2013 12:00:00 AM,0,-121.566169806,39.4835982280001
5069,S9184,Pristine Sun Fund 1  LLC_(2094_Buzzelle),0,Not Available,Butte,1.25,Unit 1,SUN,12/31/2013 12:00:00 AM,0,-121.563901713,39.387807008
5070,E0064,Pacific Oroville Power Inc (Retired 10/20/2012),1,Covanta Power Pacific Inc,Butte,0,"GEN 1, GEN 2",WDS,12/1/1985 12:00:00 AM,0,-121.565544601,39.4810209390001
5071,G0424,Oroville Cogeneration LP,0,Oroville Cogeneration LP,Butte,7.49,"GEN1, GEN2, GEN3, GEN4, GEN5, GEN6, GEN7",NG,5/1/1990 12:00:00 AM,0,-121.562851273,39.492174882
5072,H0352,Colgate,0,Yuba County Water Agency,Yuba,315,"1, 2",WAT,3/12/1970 12:00:00 AM,0,-121.188840042,39.330916487
5073,H0053,Fish Power (NPCap = 0.15MW - No Reporting RQD),0,Yuba County Water Agency,Yuba,0.15,HY1,WAT,6/1/1986 12:00:00 AM,0,-121.140498017,39.3901993530001
5074,H0351,Bowman,0,Nevada Irrigation District,Nevada,3.6,Unit 1,WAT,9/1/1986 12:00:00 AM,0,-120.653421741,39.44834109
5075,H0490,Spaulding #1,0,Pacific Gas & Electric (PG&E),Nevada,7.04,1,WAT,5/1/1928 12:00:00 AM,0,-120.644773015,39.3246221470001
5076,H0491,Spaulding #2,0,Pacific Gas & Electric (PG&E),Nevada,3.7,1,WAT,7/1/1928 12:00:00 AM,0,-120.645305714,39.324607278
5077,H0492,Spaulding #3,0,Pacific Gas & Electric (PG&E),Nevada,6.61,572,WAT,1/1/1929 12:00:00 AM,0,-120.635527457,39.33767536
5078,H0497,Stampede,0,United States Bureau of Reclamation,Sierra,3.65,"1, 2",WAT,1/1/1988 12:00:00 AM,0,-120.10452538,39.470408671
5079,H0178,Farad (Non-operational since 1997),1,Sierra Pacific Resources,Nevada,0,"1, 2",WAT,1/1/1933 12:00:00 AM,0,-120.031493816,39.419829174
5080,H0500,Stony Gorge,0,Silicon Valley Power,Glenn,5,"1, 2",WAT,4/1/1986 12:00:00 AM,0,-122.533234124,39.5868160370001
5081,S9007,Rice Mill Inc. Far West,0,Not Available,Butte,1,1,SUN,1/1/2012 12:00:00 AM,0,-121.851795438,39.5509659370001
5082,H0510,Thermalito (Unit 1 HY Unit 2-3-4 Pumping-Generating),0,California Department of Water Resources,Butte,115.1,"1, 2, 3, 4",WAT,2/1/1968 12:00:00 AM,0,-121.63006617,39.514802677
5083,H0104,Coal Canyon,1,Pacific Gas & Electric (PG&E),Butte,0,1,WAT,12/1/1907 12:00:00 AM,0,-121.600505139,39.6050507850001
5084,E0248,Ameresco Butte County Neal Road Landfill,0,Ameresco Inc,Butte,1,Unit 1,LFG,11/23/2012 12:00:00 AM,0,-121.726416461,39.67463295
5085,H0164,"Edward C Hyatt (Unit 1,3,5 Pumping-Generating)",0,California Department of Water Resources,Butte,644.25,"1, 2, 3, 4, 5, 6",WAT,3/1/1968 12:00:00 AM,0,-121.492268293,39.542894216
5086,H0263,Kelly Ridge,0,South Feather Water and Power,Butte,10,1,WAT,9/1/1963 12:00:00 AM,0,-121.49123526,39.531674407
5087,H0511,Thermalito Diversion Dam,0,California Department of Water Resources,Butte,2.97,TD1,WAT,7/1/1987 12:00:00 AM,0,-121.546332789,39.52875707
5088,S9185,Pristine Sun Fund 6 Butte PGE LLC_(2096_Cotton),0,Not Available,Butte,1,Unit 1,SUN,12/31/2013 12:00:00 AM,0,-121.4593552,39.5083080520001
5089,H0191,Forbestown,0,South Feather Water and Power,Butte,39.7,1,WAT,10/1/1963 12:00:00 AM,0,-121.278720351,39.5509709680001
5090,H0427,Kanaka,0,Not Available,Butte,1.12,KAN1,WAT,12/1/1988 12:00:00 AM,0,-121.296195875,39.5589181490001
5091,H0573,Woodleaf,0,South Feather Water and Power,Butte,55,1,WAT,11/1/1963 12:00:00 AM,0,-121.204058955,39.553920121
5092,H0362,Deadwood Creek,0,Not Available,Yuba,2,1,WAT,12/1/1993 12:00:00 AM,0,-121.09576468,39.529995807
5093,H0484,Sly Creek,0,South Feather Water and Power,Butte,13.2,1,WAT,7/1/1983 12:00:00 AM,0,-121.119565992,39.580453499
5094,H0226,Lower Haypress Hydroelectric,0,Grey Rock LLC,Sierra,5,L GEN,WAT,1/1/1989 12:00:00 AM,0,-120.581680717,39.5656960590001
5095,H0623,Middle Haypress Hydroelectric,0,Grey Rock LLC,Sierra,5,U GEN,WAT,12/1/1988 12:00:00 AM,0,-120.596886808,39.56571567
5096,E0084,SPI - Loyalton - Shut Down 08/20/2010,1,Sierra Pacific Industries Inc,Sierra,0,GEN 1,WDS,9/1/1989 12:00:00 AM,0,-120.239716036,39.6701073790001
5097,C0023,Intermountain Power Project (UT),0,Los Angeles Department of Water & Power (LADWP),Millard,1800,"Unit 1, Unit 2",BIT,6/9/1986 12:00:00 AM,0,-112.579898511,39.5099460370001
5098,H0046,Black Butte,0,Silicon Valley Power,Tehama,6.4,1,WAT,1/1/1988 12:00:00 AM,0,-122.332345146,39.8148947130001
5099,H0235,Highline Canal,0,Silicon Valley Power,Glenn,0.5,1,WAT,3/1/1989 12:00:00 AM,0,-122.155679158,39.7623919370001
5100,S0583,Enerparc CA2,0,"Adapture Renewables, Inc.",Glenn,1.5,Unit 1,SUN,3/1/2016 12:00:00 AM,0,-122.176301499,39.6991647200001
5101,G1036,Sierra Nevada Brewing,0,Sierra Nevada Brewing Company,Butte,4,"Fuel Cell, Microturbines, Solar",NG,5/1/2005 12:00:00 AM,0,-121.81586369,39.7237285950001
5102,S9021,City of Chico,0,Not Available,Butte,1,1,SUN,1/1/2012 12:00:00 AM,0,-121.909206144,39.6960383690001
5103,S9186,Pristine Sun Fund 6 Butte PGE LLC_(2129_Ballard),0,Not Available,Butte,1,Unit 1,SUN,12/31/2013 12:00:00 AM,0,-121.770299788,39.702040755
5104,H0092,Centerville,0,Pacific Gas & Electric (PG&E),Butte,7.3,"1, 2",WAT,5/1/1900 12:00:00 AM,0,-121.657425475,39.7888745060001
5105,H0287,Lime Saddle,0,Pacific Gas & Electric (PG&E),Butte,2,"1, 2",WAT,8/1/1906 12:00:00 AM,0,-121.570974998,39.6987592350001
5106,H0121,Cresta,0,Pacific Gas & Electric (PG&E),Butte,70,"Unit 541, Unit 542",WAT,11/23/1949 12:00:00 AM,0,-121.409781722,39.8259111240001
5107,H0395,Poe,0,Pacific Gas & Electric (PG&E),Butte,120,"Unit 548, Unit 549",WAT,10/26/1958 12:00:00 AM,0,-121.469748624,39.7228430660001
5108,H0209,Graeagle,0,Northern California Power Agency,Plumas,0.44,1,WAT,12/28/1981 12:00:00 AM,0,-120.632878768,39.754845731
5109,G0461,Portola - Retired 12/31/2002,1,Sierra Pacific Resources,Plumas,0,"1, 2, 3",OIL,1/1/1965 12:00:00 AM,0,-120.464205156,39.8039602040001
5110,S9313,Pristine Sun Fund 5 LLC_(2040_Alvares),0,Not Available,Tehama,1.5,Unit 1,SUN,12/31/2013 12:00:00 AM,0,-122.17310083,39.9494214220001
5111,S9315,Pristine Sun Fund 5 LLC_(2039_Flournoy),0,Not Available,Tehama,1,Unit 1,SUN,12/31/2013 12:00:00 AM,0,-122.173190762,39.9473497290001
5112,S9317,Pristine Sun Fund 5 LLC_(2020_Rolf),0,Not Available,Tehama,0.5,Unit 1,SUN,12/31/2013 12:00:00 AM,0,-122.173918777,39.9366915740001
5113,H0130,DeSabla,0,Pacific Gas & Electric (PG&E),Butte,18.5,Unit 543,WAT,2/28/1963 12:00:00 AM,0,-121.632193421,39.870808901
5114,H0192,Forks of Butte Hydro Project,0,John Yeoman,Butte,13.3,GEN 1,WAT,3/1/1992 12:00:00 AM,0,-121.631797076,39.8691836570001
5115,H0518,Toadtown,0,Pacific Gas & Electric (PG&E),Butte,1.8,1,WAT,4/1/1986 12:00:00 AM,0,-121.593361804,39.8934616340001
5116,H0023,Belden,0,Pacific Gas & Electric (PG&E),Plumas,117.9,Unit 552,WAT,9/14/1969 12:00:00 AM,0,-121.249406355,40.00751132
5117,H0052,Bucks Creek,0,Pacific Gas & Electric (PG&E),Plumas,58,"Unit 530, Unit 531",WAT,3/4/1928 12:00:00 AM,0,-121.327717195,39.91056394
5118,H0213,Grizzly,0,Silicon Valley Power,Plumas,21,1,WAT,11/1/1993 12:00:00 AM,0,-121.279287294,39.889231098
5119,H0417,Rock Creek,0,Pacific Gas & Electric (PG&E),Plumas,112,"Unit 550, Unit 551",WAT,3/1/1950 12:00:00 AM,0,-121.345343472,39.905174506
5120,E0081,SPI - Quincy,0,Sierra Pacific Industries Inc,Plumas,35.27,"GEN 1, GEN 2, GEN 3",WDS,12/1/1986 12:00:00 AM,0,-120.909055737,39.9412596330001
5121,T0077,Dixie Valley Geothermal (Nevada),0,Terra-Gen Dixie Valley LLC,Churchill,66.7,"Unit 1, Unit 2",GEO,7/5/1987 12:00:00 AM,0,-117.855282631,39.967273613
5122,H0428,Kekawaka,0,Kaweah River Power Authority,Trinity,5,KEK1,WAT,12/1/1989 12:00:00 AM,0,-123.509045967,40.0941199270001
5123,H0512,Three Forks Water Power Project,0,Norman Ross Burgess,Trinity,1.3,Unit 1,WAT,12/28/1984 12:00:00 AM,0,-123.523138347,40.1998378750001
5124,S9316,Pristine Sun Fund 5 LLC_(2158_Stroing),0,Not Available,Tehama,0.75,Unit 1,SUN,12/31/2013 12:00:00 AM,0,-122.331448743,40.182663608
5125,G0897,Red Bluff,0,GE,Tehama,44.8,"Unit 1, Unit 10, Unit 11, Unit 12, Unit 13, Unit 14, Unit 15, Unit 16, Unit 2, Unit 3, Unit 4, Unit 5, Unit 6, Unit 7, Unit 8, Unit 9",NG,7/1/2001 12:00:00 AM,0,-122.212457026,40.1501817560001
5126,S9314,Pristine Sun Fund 5 LLC_(2119_Lvvorn),0,Not Available,Tehama,1,Unit 1,SUN,12/31/2013 12:00:00 AM,0,-122.257432392,40.1777337020001
5127,S9318,Pristine Sun Fund 5 LLC_(2065_Rogers),0,Not Available,Tehama,0.5,Unit 1,SUN,12/31/2013 12:00:00 AM,0,-122.18639714,40.0673199330001
5128,S9319,Pristine Sun Fund 5 LLC_(2041_Alvares),0,Not Available,Tehama,0.25,Unit 1,SUN,12/31/2013 12:00:00 AM,0,-122.225212094,40.1169876110001
5129,S9084,Wal-Mart,0,Not Available,Tehama,1,1,SUN,1/1/2012 12:00:00 AM,0,-122.125070054,40.1007724880001
5130,S9089,Charles R. Crain Jr.,0,Not Available,Tehama,1,1,SUN,1/1/2012 12:00:00 AM,0,-122.125241732,40.1013477340001
5131,W0400,Wal-Mart Red Bluff,0,Foundation Windpower,Tehama,1,WPRS 1,WND,9/1/2012 12:00:00 AM,0,-122.194217994,40.111360823
5132,S0707,SPI - Red Bluff,0,Sierra Pacific Industries Inc,Tehama,8.4,Unit 1,SUN,5/1/2020 12:00:00 AM,0,-122.194086963,40.1215503660001
5133,H0057,Butt Valley,0,Pacific Gas & Electric (PG&E),Plumas,40,Unit 532,WAT,12/31/1958 12:00:00 AM,0,-121.190666896,40.1756802560001
5134,H0087,Caribou #1,0,Pacific Gas & Electric (PG&E),Plumas,73.8,"Unit 533, Unit 534, Unit 535",WAT,5/6/1921 12:00:00 AM,0,-121.148227686,40.08547077
5135,H0088,Caribou #2,0,Pacific Gas & Electric (PG&E),Plumas,120,"Unit 536, Unit 537",WAT,11/9/1958 12:00:00 AM,0,-121.149392411,40.0860303010001
5136,H0364,Oak Flat,0,Pacific Gas & Electric (PG&E),Plumas,1.4,1,WAT,11/1/1985 12:00:00 AM,0,-121.16140515,40.075331444
5137,S0697,PSREC/SIAD Solar,0,Plumas Sierra Rural Electric Cooperative,Lassen,2.5,Unit 1,SUN,9/20/2018 12:00:00 AM,0,-120.127435003,40.1485403230001
5138,H0241,Gosselin Hydroelectric Plant,0,Humboldt Bay Municipal Water District,Trinity,2,"GEN 1, GEN 2",WAT,6/1/1983 12:00:00 AM,0,-123.434486824,40.3697633780001
5139,S9312,Pristine Sun Fund 5 LLC_(2021_Doran),0,Not Available,Tehama,1.5,Unit 1,SUN,12/31/2013 12:00:00 AM,0,-122.273897612,40.3681032010001
5140,H0106,Coleman,0,Pacific Gas & Electric (PG&E),Shasta,13,Unit 526,WAT,6/19/1979 12:00:00 AM,0,-122.121894034,40.4046245010001
5141,H0244,Inskip,0,Pacific Gas & Electric (PG&E),Tehama,7.65,1,WAT,10/1/1979 12:00:00 AM,0,-121.965472132,40.400984366
5142,H0486,South,0,Pacific Gas & Electric (PG&E),Tehama,6.75,1,WAT,12/1/1979 12:00:00 AM,0,-121.879023608,40.3953295580001
5143,E0026,Collins Pine Co Project,1,Collins Pine Co,Plumas,0,"GEN4, GEN5",WDS,12/1/1985 12:00:00 AM,0,-121.243954539,40.302072348
5144,H0218,Hamilton Branch,0,Pacific Gas & Electric (PG&E),Plumas,5.39,"1, 2",WAT,8/1/1921 12:00:00 AM,0,-121.089444891,40.268708186
5145,E0056,Mount  Lassen Power (Retired 2011),1,Covanta Power Pacific Inc,Lassen,0,GEN 1,WDS,6/1/1985 12:00:00 AM,0,-121.017817226,40.2974144190001
5146,E0041,HL Power Company (Honey Lake),0,CMS Generation Operating Company,Lassen,35.5,GEN 1,WDS,7/26/1989 12:00:00 AM,0,-120.264834788,40.368332674
5147,T0001,Amedee Geothermal Venture I (800 kW),0,Amedee Geothermal Venture I,Lassen,4.1,"IND, SYN",GEO,8/1/1988 12:00:00 AM,0,-120.232280483,40.348041643
5148,E0063,Scotia,0,"Humboldt Redwood Company, LLC",Humboldt,32.5,"#3, Gen A, Gen B",WDS,4/21/1935 12:00:00 AM,0,-124.104451566,40.4810860220001
5149,H0547,Baker Station Hydro,0,Not Available,Humboldt,1.5,Unit 1,WAT,12/10/1987 12:00:00 AM,0,-123.72554009,40.5264372500001
5150,S9302,Pristine Sun Fund 5 LLC_(2113_Fritzjarrell),0,Not Available,Shasta,1,Unit 1,SUN,12/31/2013 12:00:00 AM,0,-122.453074998,40.475446553
5151,E0165,Wheelabrator Hudson Energy - Retired 2003 and 2014,1,Wheelabrator Technologies Inc,Shasta,0,"1, 1-RP",OBG,1/1/1982 12:00:00 AM,0,-122.328881978,40.4732055010001
5152,E0174,SPI - Anderson (Retired 7/27/2015),1,Sierra Pacific Industries Inc,Shasta,0,GEN1,WDS,1/1/1999 12:00:00 AM,0,-122.323378657,40.4723494950001
5153,E0301,SPI-Anderson 2,0,Sierra Pacific Industries Inc,Shasta,30.15,GEN2,WDS,7/27/2015 12:00:00 AM,0,-122.323548875,40.471867092
5154,G0487,Redding Power,0,City of Redding Electric Utility,Shasta,183.1,"1, 2, 3, 4, 5, 6",NG,1/1/1994 12:00:00 AM,0,-122.423634299,40.509391888
5155,G0563,Wheelabrator Lassen (Retired 5/2013),1,Wheelabrator Technologies Inc,Shasta,0,1,NG,1/1/1983 12:00:00 AM,0,-122.268428689,40.437113213
5156,E0086,Wheelabrator Shasta,0,Wheelabrator Technologies Inc,Shasta,62.75,"Unit 4, Units 1-3",WDS,1/1/1987 12:00:00 AM,0,-122.279189836,40.428518711
5157,H0118,Cow Creek,0,Pacific Gas & Electric (PG&E),Shasta,1.44,"1, 2",WAT,1/1/1907 12:00:00 AM,0,-122.020965549,40.5708116660001
5158,H0507,Bear Creek,0,Patriot Hydro,Shasta,3.2,GEN1,WAT,1/1/1990 12:00:00 AM,0,-121.959158064,40.534427667
5159,H0237,Ponderosa Bailey Creek,0,Ida-West Energy,Shasta,1.1,GEN1,WAT,2/25/1990 12:00:00 AM,0,-121.842733643,40.4579485240001
5160,H0545,Volta #1,0,Pacific Gas & Electric (PG&E),Shasta,8.55,1,WAT,4/1/1980 12:00:00 AM,0,-121.867022058,40.459065696
5161,H0546,Volta #2,0,Pacific Gas & Electric (PG&E),Shasta,1,931,WAT,10/30/1981 12:00:00 AM,0,-121.862143485,40.4519243880001
5162,E0082,SPI - Susanville - Shut Down 2004,1,Sierra Pacific Industries Inc,Lassen,0,"GEN 1, GEN 2",WDS,11/1/1985 12:00:00 AM,0,-120.645369316,40.4086369190001
5163,G1051,High Sierra Cogeneration Power Plant,0,Plumas Sierra Rural Electric Cooperative,Lassen,6,HS,NG,2/26/2010 12:00:00 AM,0,-120.517761537,40.4096022410001
5164,G0268,Humboldt Bay,0,Pacific Gas & Electric (PG&E),Humboldt,167,"Unit 101, Unit 102, Unit 332, Unit 333, Unit 401, Unit 402, Unit 403, Unit 404, Unit 405, Unit 406, Unit 407, Unit 408, Unit 409, Unit 410",NG,12/26/1956 12:00:00 AM,1,-124.208588574,40.740974189
5165,H0037,Big Creek Water Works,0,Mountain Energy Inc,Trinity,5,BCHY,WAT,1/1/1987 12:00:00 AM,0,-123.498047745,40.6467215000001
5166,H0286,Lewiston,0,United States Bureau of Reclamation,Trinity,0.35,1,WAT,2/1/1964 12:00:00 AM,0,-122.793789219,40.7254361560001
5167,H0257,Judge F Carr,0,United States Bureau of Reclamation,Shasta,154.4,"UNIT 1, UNIT 2",WAT,5/1/1963 12:00:00 AM,0,-122.626919166,40.6469243780001
5168,H0564,Whiskeytown,0,City of Redding Electric Utility,Shasta,3.5,1,WAT,1/1/1985 12:00:00 AM,0,-122.538684757,40.5976223490001
5169,H0270,Keswick,0,United States Bureau of Reclamation,Shasta,117,"UNIT 1, UNIT 2, UNIT 3",WAT,10/1/1949 12:00:00 AM,0,-122.446371485,40.611923559
5170,H0475,Shasta,0,United States Bureau of Reclamation,Shasta,714,"UNIT 1, UNIT 2, UNIT 3, UNIT 4, UNIT 5, UNIT S1, UNIT S2",WAT,6/1/1944 12:00:00 AM,0,-122.422048591,40.717449947
5171,H0493,Spring Creek,0,United States Bureau of Reclamation,Shasta,180,"UNIT 1, UNIT 2",WAT,1/1/1964 12:00:00 AM,0,-122.467505178,40.6280929590001
5172,S9002,Shasta College,0,Not Available,Shasta,1,1,SUN,1/1/2012 12:00:00 AM,0,-122.319713335,40.632301066
5173,H0271,Kilarc,0,Pacific Gas & Electric (PG&E),Shasta,3,"1, 2",WAT,5/1/1904 12:00:00 AM,0,-121.873215039,40.6779275160001
5174,H0371,Olsen,0,Synergics Energy Services LLC,Shasta,5,GEN1,WAT,12/1/1989 12:00:00 AM,0,-121.890707908,40.6705458070001
5175,H0238,Lost Creek 1,0,Ida-West Energy,Shasta,1.1,GEN1,WAT,10/9/1989 12:00:00 AM,0,-121.414541275,40.757603148
5176,E0037,DG Fairhaven Power Plant,0,EWP Renewable Corp,Humboldt,15,GEN 1,WDS,9/15/1986 12:00:00 AM,0,-124.203033655,40.799427479
5177,E0048,Samoa Pulp Mill (Closed) - Retired December 2008,1,Evergreen Pulp Incorporated,Humboldt,0,GEN1,BLQ,5/1/1965 12:00:00 AM,0,-124.19575019,40.805244187
5178,E0088,Humboldt Pulp Mill - Retired Dec 2003,1,Simpson Paper Co,Humboldt,0,GEN1,OGW,1/1/1966 12:00:00 AM,0,-124.194416414,40.8054018620001
5179,E0097,Blue Lake,0,LandGas Technology LLC,Humboldt,13.8,"GEN1, GEN1-Repower",WDS,7/1/1985 12:00:00 AM,0,-123.994887219,40.8776252540001
5180,H0520,Trinity,0,United States Bureau of Reclamation,Trinity,140,"UNIT 1, UNIT 2",WAT,2/1/1964 12:00:00 AM,0,-122.762596243,40.797302233
5181,H0168,Montgomery Creek Hydro,0,Patriot Hydro,Shasta,2.6,1,WAT,1/1/1987 12:00:00 AM,0,-121.956458599,40.8467597100001
5182,H0236,Cove Hydroelectric,0,Ida-West Energy,Shasta,5,GEN 1,WAT,2/20/1990 12:00:00 AM,0,-121.948798538,40.8714102160001
5183,H0322,Roaring Creek,0,Hydrodynamics,Shasta,2,UNIT 1,WAT,1/1/1987 12:00:00 AM,0,-121.948353026,40.882021797
5184,H0392,Pit #6,0,Pacific Gas & Electric (PG&E),Shasta,80,"Unit 522, Unit 523",WAT,8/14/1965 12:00:00 AM,0,-121.992861333,40.9225932040001
5185,H0393,Pit #7,0,Pacific Gas & Electric (PG&E),Shasta,112,"Unit 524, Unit 525",WAT,9/10/1965 12:00:00 AM,0,-121.990688223,40.847409525
5186,H0321,Hatchet Creek Project,0,Hydrodynamics,Shasta,7,UNIT 1,WAT,1/1/1987 12:00:00 AM,0,-121.920379482,40.874154521
5187,W0369,"Hatchet Ridge Wind, LLC",0,Hatchet Ridge Wind LLC,Shasta,101.2,WPRS 1,WND,11/19/2010 12:00:00 AM,0,-121.813758431,40.9090351510001
5188,H0240,Burney Creek,0,Ida-West Energy,Shasta,3,GEN1,WAT,3/28/1990 12:00:00 AM,0,-121.722508673,40.8579681620001
5189,E0005,Burney Forest Products,0,North American Energy Services,Shasta,31,1,WDS,10/1/1989 12:00:00 AM,0,-121.720322872,40.8795612930001
5190,E0078,SPI - Burney,0,Sierra Pacific Industries Inc,Shasta,20,GEN 1,WDS,10/1/1986 12:00:00 AM,0,-121.70161763,40.8765108110001
5191,E0006,Burney Mountain Power (Retired 10/31/2010),1,Covanta Power Pacific Inc,Shasta,0,GEN 1,WDS,1/1/1985 12:00:00 AM,0,-121.639574067,40.9099954690001
5192,H0221,Hat Creek #1,0,Pacific Gas & Electric (PG&E),Shasta,9.9,1,WAT,8/1/1921 12:00:00 AM,0,-121.544485457,40.929340601
5193,H0323,Bidwell Ditch,0,Hydrodynamics,Shasta,2,UNIT 1,WAT,1/1/1987 12:00:00 AM,0,-121.448034936,40.8013725760001
5194,H0483,Slate Creek,0,Patriot Hydro,Shasta,4.2,GEN1,WAT,5/1/1990 12:00:00 AM,0,-122.45618689,40.9768537460001
5195,H0250,James B Black,0,Pacific Gas & Electric (PG&E),Shasta,172,"Unit 501, Unit 502",WAT,12/17/1965 12:00:00 AM,0,-121.975157127,40.9922648960001
5196,H0391,Pit #5,0,Pacific Gas & Electric (PG&E),Shasta,160,"Unit 517, Unit 518, Unit 519, Unit 521",WAT,4/29/1944 12:00:00 AM,0,-121.977580498,40.9862338470001
5197,H0349,Nelson Creek,0,Sierra Pacific Industries Inc,Shasta,1.1,1,WAT,12/20/1988 12:00:00 AM,0,-121.869739533,40.9923904230001
5198,H0389,Pit #3,0,Pacific Gas & Electric (PG&E),Shasta,69,"Unit 512, Unit 513, Unit 514",WAT,7/15/1925 12:00:00 AM,0,-121.747854214,40.9974916740001
5199,H0390,Pit #4,0,Pacific Gas & Electric (PG&E),Shasta,95,"Unit 515, Unit 516",WAT,10/1/1955 12:00:00 AM,0,-121.849283959,40.9863073590001
5200,H0222,Hat Creek #2,0,Pacific Gas & Electric (PG&E),Shasta,9.9,1,WAT,9/1/1921 12:00:00 AM,0,-121.548679855,40.9606273200001
5201,H0388,Pit #1,0,Pacific Gas & Electric (PG&E),Shasta,63,"Unit 509, Unit 511",WAT,9/30/1922 12:00:00 AM,0,-121.49822163,40.9908119360001
5202,S0300,Fall River Mills Project A & B,0,REV Renewables,Shasta,3,"W3985, W3986",SUN,3/5/2014 12:00:00 AM,0,-121.424213692,41.031980871
5203,S9300,Ignite Solar LLC_(Achomawi),0,Not Available,Shasta,1.5,Unit 1,SUN,12/31/2013 12:00:00 AM,0,-121.429410503,41.056190717
5204,S9301,Ignite Solar LLC_(Ahjumawi),0,Not Available,Shasta,1.5,Unit 1,SUN,12/31/2013 12:00:00 AM,0,-121.429410503,41.056190717
5205,H0311,Muck Valley Hydroelectric,0,Malacha Hydro Ltd Partnership,Lassen,29.9,GEN1,WAT,12/1/1988 12:00:00 AM,0,-121.256021174,40.9764742900001
5206,H0284,Box Canyon,0,Siskiyou County,Siskiyou,10,"48-1, 48-2",WAT,6/8/1986 12:00:00 AM,0,-122.328760871,41.2803645000001
5207,E0003,Big Valley Power LLC_(Retired June 30  2010),1,Big Valley Power LLC,Lassen,0,BVP 1,WDS,7/1/1983 12:00:00 AM,0,-121.137235134,41.133092924
5208,E0243,Roseburg Forest Products (Weed Cogeneration Plant),0,Roseburg Forest Products,Siskiyou,13.39,Turbine,OBS,1/1/2011 12:00:00 AM,0,-122.376936505,41.4343053090001
5209,H0111,Copco 1 (retired 1/22/2024),1,PacifiCorp,Siskiyou,0,"1, 2",WAT,1/1/1918 12:00:00 AM,0,-122.335336799,41.978911291
5210,H0112,Copco 2 (retired 5/22/2023),1,PacifiCorp,Siskiyou,0,"1, 2",WAT,7/1/1925 12:00:00 AM,0,-122.35806793,41.975698632
5211,H0177,Fall Creek,0,PacifiCorp,Siskiyou,2.2,"1, 2, 3",WAT,9/1/1903 12:00:00 AM,0,-122.360387325,41.9855873070001
5212,H0245,Iron Gate (retired 1/11/2024),1,PacifiCorp,Siskiyou,0,1,WAT,2/1/1962 12:00:00 AM,0,-122.436821332,41.932974529
5213,W0470,"Voyager Wind I, LLC                ",0,Terra-Gen Operating Company,Kern,131.1,WPRS 1,WND,1/1/2020 12:00:00 AM,0,-118.272249394,35.051404518
5214,W0474,Mann Packing      ,0,Foundation Windpower,Monterey,1.79,WPRS 1,WND,9/11/2020 12:00:00 AM,0,-121.453565827,36.5039632530001
5215,W0475,CDCR SVSP          ,0,Foundation Windpower,Monterey,1.79,WPRS 1,WND,9/11/2020 12:00:00 AM,0,-121.370689067,36.4742119270001
5216,W0476,CDCR CTF          ,0,Foundation Windpower,Monterey,1.79,WPRS 1,WND,9/1/2018 12:00:00 AM,0,-121.350088249,36.459228071
5217,G1079,Berry Cogen Pan Fee,0,Berry Petroleum LLC,Kern,5.7,Unit 1,NG,9/21/2017 12:00:00 AM,0,-118.764618613,35.3506280350001
5218,G1080,Berry Cogen 21Z,0,Berry Petroleum LLC,Kern,5.7,Unit 1,NG,9/21/2017 12:00:00 AM,0,-118.764618613,35.3506280350001
5219,H0627,White Rock/South Fork Powerhouse,0,Sacramento Municipal Utility District (SMUD),El Dorado,2.68,H3,WAT,12/4/2020 12:00:00 AM,0,-121.229201864,38.632671896
5220,S0657,North Rosamond Solar,0,Deriva Energy,Kern,150,Unit 1,SUN,4/26/2019 12:00:00 AM,0,-118.132489756,34.9435840400001
5221,S0672,CREST Contracts,0,Not Available,Los Angeles,6.5,Unit 1,SUN,8/10/2016 12:00:00 AM,0,-123.826239278,40.118647987
5222,S0673,Rector Solar,0,Not Available,Napa,14,Unit 1,SUN,11/22/2016 12:00:00 AM,0,-122.351454716,38.4409369960001
5223,S0674,CREST Contracts,0,Not Available,Los Angeles,4,Unit 1,SUN,3/16/2016 12:00:00 AM,0,-118.25939281,34.0492981450001
5224,S0675,Springville Solar,0,Not Available,Tulare,14,Unit 1,SUN,11/22/2016 12:00:00 AM,0,-118.820234529,36.128644959
5225,S0676,Victor Solar,0,Not Available,San Bernardino,24.5,Unit 1,SUN,6/2/2017 12:00:00 AM,0,-117.230655982,34.0865060830001
5226,S0726,Redwood Coast Airport Microgrid,0,Redwood Coast Energy Authority,Humboldt,2.31,Unit 1,SUN,12/22/2021 12:00:00 AM,0,-124.106270114,40.9719579530001
5227,W0483,Energia Sierra Juarez Wind Project Expansion (Mexico),0,Energia Sierra Juarez S de RL de CV,Baja California,108,ESJ_2,WND,12/21/2021 12:00:00 AM,0,-116.106863292,32.590682201
5228,W9999,CAISO In-State Wind Generation,0,Not Available,ALL,5664,CAISO Wind,WND,9/15/2017 12:00:00 AM,0,-120.247577223,36.8462699840001
5229,G1017,Sheraton San Diego East Tower (shutdown August 2014),1,Alliance Star Energy LLC,San Diego,0,"45, 47, 50, 51",NG,11/1/2005 12:00:00 AM,0,-117.197977517,32.7271614810001
5230,S0400,USMC Maintenance Officer,0,United States Marine Corps,San Diego,1.53,1,SUN,8/8/2012 12:00:00 AM,0,-117.196757999,32.748691808
5231,S0401,San Diego City Regional Airport Authority,0,San Diego City of,San Diego,1.6,1,SUN,2/5/2015 12:00:00 AM,0,-117.207501776,32.731350809
5232,E0171,Point Loma Wastewater Treatment Plant - Gas Utilization Facility,0,City of San Diego,San Diego,4.6,"1, 2",OBG,6/1/1985 12:00:00 AM,0,-117.24580492,32.6774481
5233,G0385,Naval Training Center - Retired 12/31/2003,1,NRG Energy,San Diego,0,Unit 1,NG,9/21/1968 12:00:00 AM,0,-117.208223478,32.735367583
5234,G0386,NTC MCRD Energy Facility - Retired 9/28/2018,1,Applied Energy LLC,San Diego,0,"GEN 1, GEN 2",NG,5/1/1989 12:00:00 AM,0,-117.208367103,32.741587677
5235,S0720,San Diego Airport Solar,0,San Diego County Regional Airport Authority,San Diego,5.5,Unit 1,SUN,3/1/2017 12:00:00 AM,0,-117.202183665,32.7317471220001
5236,G0924,Chula Vista Energy Center LLC,0,Escondido Energy Center LLC,San Diego,44,1,NG,6/12/2006 12:00:00 AM,0,-117.058633776,32.5914427390001
5237,G0991,Solar Turbines Inc. - Harbor Drive Plant (Testing Only),0,Solar Turbines Incorporated,San Diego,19.8,"1, TestingUnits",NG,1/1/2001 12:00:00 AM,0,-117.176525335,32.7282692790001
5238,G0389,Naval Station - Retired December 2003,1,NRG Energy,San Diego,0,Unit 1,NG,9/1/1976 12:00:00 AM,0,-117.119378612,32.6699731750001
5239,G0398,North Island - Retired December 2003,1,NRG Energy,San Diego,0,"Unit 1, Unit 2",NG,6/2/1972 12:00:00 AM,0,-117.189312034,32.704751431
5240,G0399,NAS North Island Energy Facility - Retired 9/28/2018,1,Applied Energy LLC,San Diego,0,"GEN 1, GEN 2",NG,6/1/1989 12:00:00 AM,0,-117.189824655,32.7053012910001
5241,G0568,Patio Test Cell Solar Turbines Inc (see G0990 G0991),1,Solar Turbines Incorporated,San Diego,0,TEST CELL,NG,7/1/1980 12:00:00 AM,0,-117.174780112,32.72862852
5242,G0571,South Bay Power Plant - Retired December 2010,1,Duke Energy Renewables,San Diego,0,"1, 2, 3, 4, GT",NG,7/23/1960 12:00:00 AM,0,-117.096572879,32.614778378
5243,G0626,Naval Station Energy Facility - Retired 9/28/2018,1,Applied Energy LLC,San Diego,0,"GEN 1, GEN 2, GEN 3",NG,7/1/1989 12:00:00 AM,0,-117.12254703,32.6792995690001
5244,E0061,Otay 1 & 2 Power Station (Retired 12/13/2019),1,Otay Landfill Gas LLC,San Diego,0,"1, 2",LFG,12/1/1986 12:00:00 AM,0,-117.011405936,32.598561042
5245,G0290,CP Kelco - San Diego Plant,0,C P Kelco,San Diego,28,"GEN1, GEN2, GEN3",NG,12/1/1983 12:00:00 AM,0,-117.146884911,32.6945958900001
5246,G0388,Naval Hospital Medical Center,0,Navy Public Works,San Diego,9.9,"1TG, 1TG_OLD, 2TG, 3TG, 4TG",NG,9/1/1986 12:00:00 AM,0,-117.146302208,32.7263068890001
5247,E0300,Otay 3 Power Station (Retired 12/13/2019),1,Otay Landfill Gas LLC,San Diego,0,"3 - 4, 5, 6",OBG,3/8/2007 12:00:00 AM,0,-117.011409592,32.6052785200001
5248,G0175,Division - Retired Dec 2003,1,NRG Energy,San Diego,0,Unit 1,NG,11/1/1968 12:00:00 AM,0,-117.189130264,32.7286454160001
5249,G0281,UTC Aerospace Systems Cogeneration Plant (Retired 9/29/2018),1,Noresco El Colton LLC,San Diego,0,"WRV151, WRV152, WRV153",NG,4/26/2002 12:00:00 AM,0,-117.099662795,32.63211582
5250,G0527,Energy Center San Diego (formerly NRG Energy Inc) (Retired 12/31/2020),1,NRG Energy Center San Diego,San Diego,0,"Unit #1, Unit #2",NG,8/1/1986 12:00:00 AM,0,-117.168893603,32.7149719810001
5251,G1025,Pio Pico Energy Center,0,"Pio Pico Energy Center, LLC",San Diego,336,"Unit 1A, Unit 1B, Unit 1C",NG,11/3/2016 12:00:00 AM,1,-116.917833416,32.5737821320001
5252,G0477,Richard J Donovan Correctional Facility - Retired 12/31/2007,1,Richard J Donovan Correctional Facility,San Diego,0,03,NG,1/1/1987 12:00:00 AM,0,-116.930877764,32.58358179
5253,S0378,San Diego - Alta Rd. EMDF Canopy,0,EDP Renewables North America LLC,San Diego,1,1,SUN,12/2/2011 12:00:00 AM,0,-116.919939265,32.590042698
5254,S0399,Southwestern Community College,0,Southwestern Community College,San Diego,1.13,1,SUN,10/24/2014 12:00:00 AM,0,-116.995473744,32.641744294
5255,G0785,Otay Mesa Energy Center,0,Calpine Corporation - West Region,San Diego,689,"OM1CT1, OM1CT2, OM1ST1",NG,10/4/2009 12:00:00 AM,1,-116.913328527,32.573563688
5256,G0819,Larkspur Energy LLC,0,DGC Operations LLC,San Diego,90,"Larkspur1, Larkspur2",NG,7/18/2001 12:00:00 AM,1,-116.944223855,32.567104285
5257,G0853,Border - CalPeak Power,0,PIC Energy,San Diego,49.8,2,NG,10/26/2001 12:00:00 AM,1,-116.943461309,32.562467972
5258,S9287,LanWest Solar Farm LLC,0,Not Available,San Diego,3.5,Unit 1,SUN,2/28/2014 12:00:00 AM,0,-116.270491494,32.6656794300001
5259,W0359,Kumeyaay Wind Farm,0,Terra-Gen Operating Company,San Diego,50,WPRS 1,WND,12/21/2005 12:00:00 AM,0,-116.345237495,32.732370858
5260,W0390,Golden Acorn Casino,0,See WPRS for details,San Diego,1,WPRS 1,WND,4/21/2011 12:00:00 AM,0,-116.351356192,32.7014073190001
5261,S0594,Jacumba Solar Farm,0,Not Available,San Diego,20,Unit 1,SUN,7/25/2017 12:00:00 AM,0,-116.127872569,32.6233365530001
5262,W0460,"Energia Sierra Juarez, S. de R.L. de C.V. (Baja Mexico Wind)",0,Energia Sierra Juarez S de RL de CV,Baja California,155.1,ESJ_1,WND,3/27/2015 12:00:00 AM,0,-116.064999143,32.5746512640001
5263,S0258,Campo Verde Solar Project,0,Campo Verde Solar LLC,Imperial,197,CVS1,SUN,10/25/2013 12:00:00 AM,0,-115.728842927,32.747357069
5264,G9786,Termoelectrica de Mexicali (TDM  Mexicali  Mexico),0,Termoelectrica de Mexicali S de RL de CV,Baja California,680.85,"GT-1, GT-2, ST",NG,5/1/2003 12:00:00 AM,0,-115.62775323,32.601036525
5265,G9787,La Rosita (INTERGEN  Mexicali  Mexico),0,Energia Azteca X Sociedad Anonima de Capital Variable,Baja California,1353,"1, CTG-1C, EAX-STG, EBC-CTG_and_STG",NG,7/20/2003 12:00:00 AM,0,-115.629544684,32.598243967
5266,H0146,Double Weir (<1MW),0,Imperial Irrigation District,Imperial,0.56,"UNIT 1, UNIT 2",WAT,6/1/1960 12:00:00 AM,0,-115.495430016,32.7012110040001
5267,S0291,Centinela Solar Energy,0,CD Arevon USA Inc.,Imperial,172.6,"Unit 1, Unit 2",SUN,10/1/2013 12:00:00 AM,0,-115.647196282,32.6861537180001
5268,S0298,Heber Solar Facility,0,AxInfra US LP,Imperial,10,Unit 1,SUN,4/23/2014 12:00:00 AM,0,-115.540568696,32.7141384720001
5269,S0440,Imperial Solar Energy Center West,0,Tenaska Inc.,Imperial,148.7,Unit 1,SUN,4/12/2016 12:00:00 AM,0,-115.657568213,32.665793396
5270,S0655,Mount Signal Solar Farm V (IVS 3 LLC),0,First Solar Electric (California) LLC,Imperial,252.29,Unit 1,SUN,10/11/2018 12:00:00 AM,0,-115.595440079,32.676517512
5271,S0687,Wistaria Ranch Solar,0,RWE Clean Energy,Imperial,100,Unit 1,SUN,11/19/2018 12:00:00 AM,0,-115.617063593,32.6749859620001
5272,S0696,Imperial Valley Solar 2,0,MN8 Energy,Imperial,150,Unit 1,SUN,10/1/2019 12:00:00 AM,0,-115.629156831,32.6683045410001
5273,S9174,Silver Ridge Mount Signal (Imperial Valley Solar 1),0,Not Available,Imperial,200,Unit 1,SUN,10/1/2013 12:00:00 AM,0,-115.64453889,32.675467483
5274,T0033,Heber Geothermal Co,0,Heber Geothermal Co,Imperial,92.5,"1, GEN 2, OEC 11, GEN 3, GEN 4, OEC 1 - 2",GEO,8/1/1985 12:00:00 AM,0,-115.517857198,32.7147011060001
5275,T0051,Second Imperial Geothermal Co SIGC Plant,0,Heber Geothermal Co,Imperial,122.5,"Gen 1-12, Gen 13, Gen 14, Gen 1-6, Gen 7-12, OEC 1-2",GEO,6/1/1993 12:00:00 AM,0,-115.535325491,32.7144740160001
5276,H0152,Drop 5,0,Imperial Irrigation District,Imperial,4,"UNIT 1, UNIT 2",WAT,3/1/1982 12:00:00 AM,0,-115.39201239,32.673098413
5277,H0150,Drop 3,0,Imperial Irrigation District,Imperial,9.8,"UNIT 1, UNIT 2",WAT,2/20/1941 12:00:00 AM,0,-115.126056039,32.7053911040001
5278,H0151,Drop 4,0,Imperial Irrigation District,Imperial,19.6,"UNIT 1, UNIT 2",WAT,2/25/1941 12:00:00 AM,0,-115.219097337,32.7052968510001
5279,H0160,East Highline,0,Imperial Irrigation District,Imperial,2.42,UNIT 1,WAT,9/12/1984 12:00:00 AM,0,-115.282634992,32.6995730040001
5280,H0147,Drop 1,0,Imperial Irrigation District,Imperial,5.85,"UNIT 1, UNIT 2, UNIT 3",WAT,10/19/1984 12:00:00 AM,0,-114.94273192,32.7115881610001
5281,H0149,Drop 2,0,Imperial Irrigation District,Imperial,10,"UNIT 1, UNIT 2",WAT,12/5/1953 12:00:00 AM,0,-115.031012542,32.7053904900001
5282,H0385,Pilot Knob,0,Imperial Irrigation District,Imperial,33,"UNIT 1, UNIT 2",WAT,1/31/1957 12:00:00 AM,0,-114.713905485,32.7366470050001
5283,G1050,Qualcomm Building Q Central Plant,0,Qualcomm Inc,San Diego,4.54,TG-1,NG,7/18/2013 12:00:00 AM,0,-117.20009311,32.9027592150001
5284,G0521,Salk Institute - Retired July 2004,1,Salk Institute,San Diego,0,"1, 2",NG,9/1/1984 12:00:00 AM,0,-117.24613589,32.8870673770001
5285,G0551,4160 V Cogeneration System (Retired 12/31/2003),1,Sea World of California,San Diego,0,"Unit 1, Unit 2, Unit 3, Unit 4",NG,1/1/1981 12:00:00 AM,0,-117.230922973,32.764491638
5286,G1018,Johnson & Johnson PR&D Plant,1,Johnson & Johnson Pharmaceutical Research & Development LLC,San Diego,0,"Gen-1, Gen-2",NG,10/31/2003 12:00:00 AM,0,-117.23616533,32.901165102
5287,S0129,UCSD Solar PV System,0,University of California San Diego,San Diego,1.2,Unit 1,SUN,6/1/2008 12:00:00 AM,0,-117.239153055,32.8742084150001
5288,E0202,MM San Diego LLC - North City (Retired 3/31/2022),1,City of San Diego Public Utilities Department,San Diego,0,Gen 1-4,LFG,3/1/1999 12:00:00 AM,0,-117.197143959,32.8786801790001
5289,E0244,North City Cogeneration Facility Expansion (NCCFE) (Retired 8/31/2022),1,City of San Diego,San Diego,0,Unit 1,LFG,11/12/2013 12:00:00 AM,0,-117.19736993,32.878934583
5290,G0475,Qualcomm Building P Central Plant,0,Qualcomm Inc,San Diego,9.2,"DG-1, TG-1, TG-1-4, TG-2, TG-3, TG-4, TG-5",NG,1/1/1982 12:00:00 AM,0,-117.196747277,32.893787506
5291,G0640,University of California San Diego Cogeneration Facility,0,University of California San Diego,San Diego,30,"Unit 1, Unit 2, Unit 3",NG,7/1/2001 12:00:00 AM,0,-117.239370392,32.8736139480001
5292,G0646,VA San Diego Cogeneration Plant (VA Hospital),0,Veterans Administration Healthcare System San Diego,San Diego,4.6,1,NG,12/1/2004 12:00:00 AM,0,-117.230259092,32.8755025560001
5293,G0746,Qualcomm Building W Power Plant,0,Qualcomm Inc,San Diego,12.59,"DG-1, DG-2, DG-3, TG-1",DFO,7/11/2006 12:00:00 AM,0,-117.195635218,32.902883264
5294,G0990,Solar Turbines Inc. - Kearny Mesa Plant (Testing Only),0,Solar Turbines Incorporated,San Diego,14.9,"1, TestingUnits",NG,1/1/2001 12:00:00 AM,0,-117.12897171,32.8162589660001
5295,G1023,Miramar Energy Facility 1 & 2,0,San Diego Gas & Electric,San Diego,95,"MEF 1, MEF 2",NG,6/1/2005 12:00:00 AM,0,-117.165384169,32.8761096590001
5296,G0633,Union Tribune Publishing Co (Retired 2014),1,San Diego Union-Tribune Publishing Company,San Diego,0,UNIT 1,NG,3/1/1982 12:00:00 AM,0,-117.163745341,32.7649442000001
5297,H0006,Alvarado Hydro Facility,1,San Diego County Water Authority,San Diego,0,"Unit 1, Unit 2",WAT,4/1/1985 12:00:00 AM,0,-117.045822265,32.7812534380001
5298,H0612,Rancho Penasquitos,0,San Diego County Water Authority,San Diego,4.65,RPHES-GEN,WAT,1/23/2007 12:00:00 AM,0,-117.113710959,32.9369938730001
5299,E0054,MM San Diego LLC - Miramar Landfill,0,OPAL Fuels,San Diego,6.5,UNT1-4,LFG,7/1/1997 12:00:00 AM,0,-117.116796656,32.8914403270001
5300,E0205,Miramar Energy LLC LFG,0,OPAL Fuels,San Diego,3.2,"GEN 1, GEN 2",LFG,5/1/2012 12:00:00 AM,0,-117.151021262,32.8424974690001
5301,G0109,Childrens Hospital #2,0,Children's Hospital & Health Center,San Diego,3.52,"1631, 1698, 1699, 1710, CG04566",NG,6/1/1983 12:00:00 AM,0,-117.152409736,32.7988378100001
5302,G0241,Grossmont Hospital,0,Sharp Grossmont Hospital,San Diego,4.6,"GEN1, GEN2, Unit 1",NG,8/1/1983 12:00:00 AM,0,-117.006433698,32.7796407920001
5303,G0298,Kyocera Project,0,Generator Power Systems Inc,San Diego,3.72,"0088, 0089, 0095, 0096, A4Y00333, A4Z00287",NG,2/1/1989 12:00:00 AM,0,-117.140554477,32.8194987460001
5304,G0289,Kearny (Retired 12/31/2017),1,NRG Energy,San Diego,0,"Kearny 1, Kearny 2A, Kearny 2B, Kearny 2C, Kearny 2D, Kearny 3A, Kearny 3B, Kearny 3C, Kearny 3D",NG,12/1/1969 12:00:00 AM,0,-117.133723436,32.8339450940001
5305,G0360,San Diego Combustion Turbines - Miramar 1A 1B (Retired 12/31/2016),1,NRG Energy,San Diego,0,"Unit 1A, Unit 1B",NG,5/15/1972 12:00:00 AM,0,-117.166297318,32.8762787650001
5306,G0511,San Diego State University,0,San Diego State University,San Diego,14.3,"GEN 1, GEN 2, GEN 3",NG,9/1/2002 12:00:00 AM,0,-117.070068435,32.7784161220001
5307,G0910,Cuyamaca Peak Energy Plant (formely CalPeak El Cajon),0,San Diego Gas & Electric,San Diego,46.8,1,NG,5/29/2002 12:00:00 AM,0,-116.961888782,32.793017354
5308,G0951,El Cajon Energy Center,0,Wellhead Services Inc,San Diego,49.23,Gen 1,NG,6/15/2010 12:00:00 AM,0,-116.972056007,32.7961636090001
5309,E0094,Sycamore Landfill San Diego,0,Landfill Generating Partners,San Diego,5.4,"Unit 1, Unit 1old, Unit 2, Unit 2old, Unit 3",LFG,12/1/1985 12:00:00 AM,0,-116.960198563,32.8557806110001
5310,G0189,El Cajon  (retired 12/31/2016),1,NRG Energy,San Diego,0,Unit 1,NG,11/1/1968 12:00:00 AM,0,-116.97216785,32.7958279160001
5311,S9288,Descanso Solar - CRE,0,Not Available,San Diego,1.5,Unit 1,SUN,12/31/2013 12:00:00 AM,0,-116.600390902,32.8573418940001
5312,W0467,Tule Wind,0,See WPRS for details,San Diego,131,WPRS 1,WND,1/5/2018 12:00:00 AM,0,-116.301620734,32.7621972370001
5313,W0409,Ocotillo Express LLC,0,Pettern Energy (Ocotillo LLC),Imperial,265.44,WPRS 1,WND,12/28/2012 12:00:00 AM,0,-116.049374183,32.75979112
5314,S0255,Imperial Solar Energy Center South,0,Tenaska Inc.,Imperial,128.9,56819,SUN,11/1/2013 12:00:00 AM,0,-115.692943167,32.750676196
5315,S0677,SEPV EAST,0,S-Power (Sustainable Power Group),Imperial,3,Unit 1,SUN,1/1/2018 12:00:00 AM,0,-115.772563132,32.7934775570001
5316,S0678,SPEV WEST,0,S-Power (Sustainable Power Group),Imperial,2,Unit 1,SUN,1/1/2018 12:00:00 AM,0,-115.781436586,32.7934502850001
5317,H0531,Turnip,0,Imperial Irrigation District,Imperial,0.42,1,WAT,10/1/1964 12:00:00 AM,0,-115.629455193,32.8893397300001
5318,S0461,ECPV Solar,0,Sol Orchard Imperial 1 LLC,Imperial,20,Unit 1,SUN,10/1/2013 12:00:00 AM,0,-115.546428966,32.8017992000001
5319,E0042,Mesquite Lake Resource Recovery Project - Retired Dec 2008,1,Chateau Energy Inc,Imperial,0,"1, L313",OGW,1/1/1988 12:00:00 AM,0,-115.512416001,32.9037893400001
5320,G0190,El Centro Generating Station,0,Imperial Irrigation District,Imperial,358.28,"1, 2 - 1, 2 - 2, 3, 30, 31, 32, 4",NG,4/15/1949 12:00:00 AM,0,-115.539690305,32.8023283000001
5321,G0059,Brawley (Retired 12/31/2009),1,Imperial Irrigation District,Imperial,0,"UNIT 1, UNIT 2",DFO,1/1/1962 12:00:00 AM,0,-115.513549159,32.9065778570001
5322,T0021,GEM II,1,Ormat Nevada Inc,Imperial,0,GEM 2,GEO,4/1/1989 12:00:00 AM,0,-115.263763932,32.775622744
5323,T0022,GEM III,0,Ormat Nevada Inc,Imperial,18.5,GEM 3,GEO,5/1/1989 12:00:00 AM,0,-115.262665336,32.775645062
5324,T0043,Ormesa Geothermal II,0,Ormat,Imperial,24,"10-20, 1-9",GEO,12/1/1987 12:00:00 AM,0,-115.247489365,32.786586534
5325,T0062,Ormesa I,0,North Brawley Geothermal,Imperial,22.4,Ormesa 1,GEO,12/1/1986 12:00:00 AM,0,-115.257796648,32.8152764000001
5326,T0063,Ormesa 1E (Retired 1/1/2015),1,North Brawley Geothermal,Imperial,0,OE1-12,GEO,12/1/1988 12:00:00 AM,0,-115.255452639,32.816060421
5327,T0066,Ormesa 1H (Retired 1/1/2016),1,Ormat,Imperial,0,Ormesa 1H,GEO,12/1/1989 12:00:00 AM,0,-115.247465743,32.7843201160001
5328,H0471,Senator Wash (Pumping-Generating),0,United States Bureau of Reclamation,Imperial,7.83,Unit 1,WAT,10/1/1977 12:00:00 AM,0,-114.48021571,32.90281643
5329,E0075,San Marcos,0,Landfill Generating Partners,San Diego,1.8,"Unit 1, Unit 2",LFG,12/1/1985 12:00:00 AM,0,-117.19346537,33.089184931
5330,E0251,Encina Water Pollution Control,0,Encina Wastewater Authority,San Diego,3,"EG-4610, EG-4620, EG-4630, EG-4640",OBG,1/1/1984 12:00:00 AM,0,-117.320437827,33.1164887800001
5331,G0196,Encina Power Station (retired 12/11/2018),1,NRG Energy,San Diego,0,"Encina 1, Encina 2, Encina 3, Encina 4, Encina 5, Encina GT",NG,11/23/1954 12:00:00 AM,0,-117.338418038,33.1377661990001
5332,G0824,Carlsbad Energy Center,0,NRG Energy,San Diego,525,"CEC 10, CEC 6, CEC 7, CEC 8, CEC 9",NG,5/1/2018 12:00:00 AM,1,-117.335556227,33.136454692
5333,G0945,Escondido Energy Center  LLC,0,Escondido Energy Center LLC,San Diego,49.9,"1, GEN 1",NG,6/12/2006 12:00:00 AM,0,-117.120275905,33.1284321050001
5334,G0434,Palomar Medical Center (Retired 12/31/2006),1,Palomar Memorial Hospital,San Diego,0,"EG 1, EG 2",NG,8/1/1986 12:00:00 AM,0,-117.074538018,33.125772333
5335,G9879,USPS Rancho Carmel San Diego (Retired 12/31/2009),1,United States Post Office - San Diego,San Diego,0,1,NG,2/15/2006 12:00:00 AM,0,-117.079404817,32.985442043
5336,H0613,Lake Hodges Station (Olivenhain Pumped Storage) (retired 11/5/2024),1,San Diego County Water Authority,San Diego,0,"Unit 1, Unit 2",WAT,7/15/2011 12:00:00 AM,0,-117.118798415,33.0578864
5337,S9003,Hewlett Packard,0,Not Available,San Diego,1,1,SUN,1/1/2012 12:00:00 AM,0,-117.088159061,33.0108957140001
5338,G0233,Goal Line LP,0,Goal Line LP,San Diego,51.5,"Unit 1, Unit 2",NG,2/1/1995 12:00:00 AM,0,-117.099236147,33.1186535160001
5339,G0845,Enterprise - CalPeak Power,0,PIC Energy,San Diego,48.92,1,NG,10/23/2001 12:00:00 AM,1,-117.117344908,33.122196694
5340,G0861,Palomar Energy Center,0,San Diego Gas & Electric,San Diego,559,"CTG1, CTG2, STG",NG,10/1/2005 12:00:00 AM,1,-117.117438211,33.1196657180001
5341,S0305,Ramona 1 & 2,0,MN8 Energy,San Diego,7,"Unit 1, Unit 2",SUN,12/1/2013 12:00:00 AM,0,-116.871718242,33.011957443
5342,S0634,Ramona Solar Energy Facility,0,San Diego Gas & Electric,San Diego,4.9,Unit 1,SUN,5/1/2017 12:00:00 AM,0,-116.860380004,33.019768121
5343,S0715,Titan Solar I,0,Longroad Energy,Imperial,70,Unit 1,SUN,12/21/2020 12:00:00 AM,0,-116.356619198,33.135025903
5344,S0408,Seville Solar One,0,Deriva Energy,San Diego,20,Unit 1,SUN,12/30/2015 12:00:00 AM,0,-116.003000056,33.116103121
5345,S0409,Seville Solar Two,0,Deriva Energy,San Diego,30,Unit 1,SUN,12/24/2015 12:00:00 AM,0,-116.003545374,33.109036517
5346,S0679,Valencia I,0,Not Available,Imperial,3,Unit 1,SUN,1/1/2018 12:00:00 AM,0,-115.627464479,33.0437963530001
5347,G0504,Rockwood Gas Turbine Plant,0,Imperial Irrigation District,Imperial,49.9,"UNIT 1, UNIT 2",NG,6/7/1979 12:00:00 AM,0,-115.534624033,32.968082898
5348,T0081,North Brawley,0,North Brawley Geothermal,Imperial,49.9,1,GEO,1/1/2009 12:00:00 AM,0,-115.540940255,33.013811124
5349,S0296,NRG Solar Community I LLC (SDSU Solar),0,NRG Solar Community I LLC,Imperial,5.72,1,SUN,6/13/2014 12:00:00 AM,0,-115.482012798,32.9835429010001
5350,S0324,Alhambra Solar Facility,0,Southern Power Company,Imperial,50,SGAH,SUN,11/26/2014 12:00:00 AM,0,-115.47110772,33.080031956
5351,S0325,Arkansas Solar Facility,0,Southern Power Company,Imperial,50,SGAK,SUN,11/26/2014 12:00:00 AM,0,-115.471676535,33.143910374
5352,S0242,Agua Caliente Solar (AZ),0,Agua Caliente Solar LLC,Yuma,243,1,SUN,1/19/2012 12:00:00 AM,0,-113.497197431,32.983883351
5353,G0014,Pebbly Beach,0,Southern California Edison (SCE),Los Angeles,11.1,Unit 1,DFO,12/1/1995 12:00:00 AM,0,-118.310287906,33.333526862
5354,H0408,Red Mountain,0,Metropolitan Water District,San Diego,5.9,1,WAT,3/1/1985 12:00:00 AM,0,-117.235664438,33.328896833
5355,S0403,Genentech Inc - Oceanside,0,Genentech Inc,San Diego,6.8,"Solar, Fuel Cell",SUN,5/12/2015 12:00:00 AM,0,-117.298371423,33.212740534
5356,H0021,Bear Valley,0,City of Escondido,San Diego,1.5,1 - 2,WAT,6/8/1905 12:00:00 AM,0,-117.016429229,33.1658493100001
5357,S0584,Mesa Crest (Lilac),0,NLP Granger A82 LLC,San Diego,3,Unit 1,SUN,9/17/2016 12:00:00 AM,0,-117.030427947,33.264314132
5358,S0372,Borrego Solar - Twin Oaks,0,Not Available,San Diego,1,1,SUN,6/2/2011 12:00:00 AM,0,-117.176822008,33.212655758
5359,S0593,Cole Grade,0,Not Available,San Diego,2.33,Unit 1,SUN,12/7/2016 12:00:00 AM,0,-117.022741987,33.249297589
5360,S9178,Valley Center 1 & 2,0,MN8 Energy,San Diego,7.5,"Unit 1, Unit 2",SUN,12/1/2013 12:00:00 AM,0,-117.001642426,33.234139493
5361,S0238,NRG Solar Borrego I,0,Clearway Energy,San Diego,26,1,SUN,2/12/2013 12:00:00 AM,0,-116.35473749,33.2957030060001
5362,S9286,Desert Green Solar Farm LLC,0,Not Available,San Diego,3.5,1,SUN,10/31/2014 12:00:00 AM,0,-116.329692112,33.264804472
5363,G0931,Niland Gas Turbine Plant,0,Imperial Irrigation District,Imperial,121,"Unit 1, Unit 2",NG,5/29/2008 12:00:00 AM,0,-115.499201133,33.243018819
5364,S0161,IVSC1 - (SunPeak 1) - 23MW PV,0,Imperial Irrigation District,Imperial,23,Unit 1,SUN,6/1/2012 12:00:00 AM,0,-115.497238776,33.2456500810001
5365,S0342,Imperial Valley Solar Company (IVSC) 2 LLC,0,Onward Energy,Imperial,20,1,SUN,8/6/2015 12:00:00 AM,0,-115.497396995,33.254257356
5366,S0347,Calipatria Solar Farm,0,Southern Power Company,Imperial,20,1,SUN,2/12/2016 12:00:00 AM,0,-115.532210353,33.165828101
5367,S0522,Midway Solar Farm I,0,X-Elio North America Inc.,Imperial,49.9,Unit 1,SUN,12/14/2017 12:00:00 AM,0,-115.54911044,33.165690327
5368,S0600,"Midway Solar Farm II (96WI 8ME, LLC)",0,Dominion Energy,Imperial,30.75,Unit 1,SUN,6/27/2017 12:00:00 AM,0,-115.541060199,33.1569235150001
5369,T0012,Del Ranch Company (formerly A W Hoch),0,"BHE Renewables, LLC",Imperial,35.8,GEN1,GEO,10/1/1988 12:00:00 AM,0,-115.616198411,33.164363494
5370,T0015,J J Elmore,0,"BHE Renewables, LLC",Imperial,41.09,"GEN1, GEN2",GEO,11/1/1988 12:00:00 AM,0,-115.603422693,33.178028865
5371,T0016,Salton Sea Unit 4,0,"BHE Renewables, LLC",Imperial,51,4100,GEO,5/1/1997 12:00:00 AM,0,-115.638929875,33.1567226650001
5372,T0017,Salton Sea Unit 5,0,"BHE Renewables, LLC",Imperial,49.9,1(TG-5100),GEO,6/1/2000 12:00:00 AM,0,-115.637855698,33.1532180890001
5373,T0034,J M Leathers,0,"BHE Renewables, LLC",Imperial,35.8,GEN1,GEO,11/1/1988 12:00:00 AM,0,-115.56587259,33.1781396760001
5374,T0047,Salton Sea Unit 1,0,"BHE Renewables, LLC",Imperial,10,EE11,GEO,7/1/1982 12:00:00 AM,0,-115.647394111,33.15878724
5375,T0048,Salton Sea Unit 2,0,"BHE Renewables, LLC",Imperial,21.75,"GEN1, GEN2, GEN3",GEO,3/1/1990 12:00:00 AM,0,-115.647492543,33.157933862
5376,T0049,Salton Sea Unit 3,0,"BHE Renewables, LLC",Imperial,53.97,GEN1,GEO,2/1/1989 12:00:00 AM,0,-115.639226045,33.1578940040001
5377,T0053,Vulcan,0,"BHE Renewables, LLC",Imperial,39.72,"GEN1, GEN2",GEO,12/1/1985 12:00:00 AM,0,-115.619241006,33.1624497130001
5378,T0073,CE Turbo LLC,0,"BHE Renewables, LLC",Imperial,11.5,1,GEO,7/26/2000 12:00:00 AM,0,-115.50966272,33.1674582410001
5379,T0082,John L Featherstone Plant -formerly Hudson Ranch Power I LLC,0,Hudson Ranch Energy Services LLC,Imperial,55,1,GEO,3/9/2012 12:00:00 AM,0,-115.573398903,33.2039550010001
5380,S0326,Sonora Solar Facility,0,Southern Power Company,Imperial,50,SGSO,SUN,11/26/2014 12:00:00 AM,0,-115.452423877,33.1682514710001
5381,S0254,Mesquite Solar 1 (AZ),0,RWE Clean Energy,Maricopa,165,MS1,SUN,1/1/2014 12:00:00 AM,0,-112.923873603,33.343024728
5382,S0292,Arlington Valley Solar Energy II (AZ),0,LS Power,Maricopa,129,5912038,SUN,11/5/2013 12:00:00 AM,0,-112.833748578,33.3020589710001
5383,S0561,Mesquite Solar 2 (AZ),0,RWE Clean Energy,Maricopa,165,MS2,SUN,11/1/2016 12:00:00 AM,0,-112.94871466,33.3391739530001
5384,S0562,Mesquite Solar 3 (AZ),0,RWE Clean Energy,Maricopa,152,MS3,SUN,8/1/2016 12:00:00 AM,0,-112.929999174,33.3322923480001
5385,S0402,USMC,0,United States Marine Corps,Orange,2.8,1,SUN,5/26/2015 12:00:00 AM,0,-117.579935799,33.394960396
5386,E0194,MM Prima Deshecha Energy LLC (Retired 9/30/2022),1,OPAL Fuels,Orange,0,"Unit 1, Unit 2",LFG,3/1/1999 12:00:00 AM,0,-117.614675204,33.4949909810001
5387,E0155,Aliso Water Management Agency (Retired 12/26/2016),1,South Orange County Wastewater Authority,Orange,0,"GEN 1, GEN 2, GEN 3",OBG,3/1/1997 12:00:00 AM,0,-117.705298492,33.537617191
5388,N0002,San Onofre Nuclear Generating Station -SONGS-Retired 7/15/13,1,Southern California Edison (SCE),San Diego,0,"2, 3",NUC,1/1/1968 12:00:00 AM,0,-117.554836222,33.3689045020001
5389,S9001,FPUD - Sanitary,0,Not Available,San Diego,1,1,SUN,1/1/2012 12:00:00 AM,0,-117.25885376,33.3636430720001
5390,S9004,Farm ACW,0,Not Available,San Diego,1,1,SUN,1/1/2012 12:00:00 AM,0,-117.336061465,33.4474246610001
5391,G1005,Orange Grove Energy,0,Orange Grove Energy LP,San Diego,100,"Gen-001, Gen-002",NG,6/17/2010 12:00:00 AM,1,-117.111400082,33.3591794700001
5392,S0631,Temecula Valley USD Temecula Valley HS,0,Tesla Inc.,Riverside,1.11,9255391-CA,SUN,7/7/2017 12:00:00 AM,0,-117.116362337,33.5030077230001
5393,S0142,Port of Los Angeles Berth 93,0,Port of Los Angeles,Los Angeles,1.1,SIP964652,SUN,7/1/2011 12:00:00 AM,0,-118.276672071,33.7474037550001
5394,G1075,Huntington Beach Energy Project,0,AES Southland,Orange,696,"1A, 1B, 1S",NG,2/4/2020 12:00:00 AM,1,-117.979105929,33.6446967470001
5395,E0025,Plant No 2,0,Orange County Sanitation District,Orange,16,"GEN 1, GEN 2, GEN 3, GEN 4, GEN 5, GEN 6",OBG,6/1/1993 12:00:00 AM,0,-117.956851134,33.6387829610001
5396,G0274,Huntington Beach (AES),0,AES Huntington Beach LLC,Orange,215,"1, 2, 3, 4, 5",NG,6/30/1958 12:00:00 AM,1,-117.978659586,33.6443903380001
5397,G1019,Central Plant (UC Irvine),0,University of California Irvine,Orange,19,"CTG, STG",NG,3/2/2007 12:00:00 AM,0,-117.846391764,33.64786631
5398,G1067,John Wayne Airport,0,"County of Orange, John Wayne Airport",Orange,7,"Unit 1, Unit 2, Unit 3, Unit 4",NG,1/1/2011 12:00:00 AM,0,-117.863001534,33.6755674620001
5399,G9100,B Braun Medical Inc,0,B Braun Medical Inc,Orange,6.1,"Unit 1, Unit 2",NG,1/1/1995 12:00:00 AM,0,-117.834641717,33.6888183790001
5400,G0483,Plant No 1,0,Orange County Sanitation District,Orange,7.5,"GEN1, GEN2, GEN3",OBG,6/1/1993 12:00:00 AM,0,-117.938347475,33.693989005
5401,E0117,Coyote Canyon (Retired Dec 28 2015),1,OPAL Fuels,Orange,0,Unit 1,LFG,4/1/1989 12:00:00 AM,0,-117.822009163,33.613138592
5402,G1014,Saddleback Community College,0,Saddleback Community College,Orange,0.82,"1, 2",NG,3/1/2003 12:00:00 AM,0,-117.665065908,33.551951925
5403,E0226,Bowerman Power Landfill Gas,0,Bowerman Power LFG,Orange,23.59,"E-1, E-2, E-3, E-4, E-5, E-6, E-7",LFG,3/1/2016 12:00:00 AM,0,-117.710608882,33.715710716
5404,S0623,Walmart (CA) - Store #2952 - Murrieta,0,Tesla Inc.,Riverside,1.09,9253086-CA,SUN,7/23/2015 12:00:00 AM,0,-117.194254452,33.5529745640001
5405,G0868,Inland Empire Energy Center (Retired 12/31/2019),1,Inland Empire Energy Center,Riverside,0,"Unit 1, Unit 2",NG,6/1/2009 12:00:00 AM,1,-117.169706211,33.738890467
5406,H0611,Diamond Valley Lake (Pumping-Generating),0,Metropolitan Water District,Riverside,29.7,Units,WAT,5/1/2001 12:00:00 AM,0,-117.070598191,33.6810772200001
5407,S0422,AP North Lake Solar,0,Not Available,Riverside,20,Unit 1,SUN,7/1/2015 12:00:00 AM,0,-117.01059981,33.7417507320001
5408,S0460,Augustine Energy PV,0,Augustine Energy Corporation,Riverside,3,Unit 1,SUN,1/1/2016 12:00:00 AM,0,-116.197686119,33.6535724330001
5409,E0027,Desert View Power (Mecca Plant) (retired 5/1/2024),1,Desert View Power (formerly Colmac Energy Inc),Riverside,0,GEN1,WDS,11/1/1991 12:00:00 AM,0,-116.088740546,33.586114733
5410,G0130,Coachella,0,Imperial Irrigation District,Riverside,92.4,"UNIT 1, UNIT 2, UNIT 3, UNIT 4",NG,6/8/1972 12:00:00 AM,0,-116.171992708,33.6756156860001
5411,S0722,"Maverick Solar 6, LLC",0,EDF Renewable Energy Inc,Riverside,100,Unit 1,SUN,10/22/2021 12:00:00 AM,0,-115.229882867,33.6926707390001
5412,S0723,"Maverick Solar 7, LLC",0,EDF Renewable Energy Inc,Riverside,132,Unit 1,SUN,12/22/2021 12:00:00 AM,0,-115.332008355,33.627013033
5413,S0710,Desert Harvest LLC,0,EDF Renewable Energy Inc,Riverside,80,Unit 1,SUN,12/17/2020 12:00:00 AM,0,-115.237115771,33.6892048990001
5414,S0711,Desert Harvest II LLC,0,EDF Renewable Energy Inc,Riverside,70,Unit 1,SUN,12/17/2020 12:00:00 AM,0,-115.236973047,33.687399929
5415,S0712,Maverick Solar,0,EDF Renewable Energy Inc,Riverside,125,Unit 1,SUN,12/16/2020 12:00:00 AM,0,-115.236500792,33.6910549300001
5416,S0713,Maverick Solar 4,0,EDF Renewable Energy Inc,Riverside,100,Unit 1,SUN,12/11/2020 12:00:00 AM,0,-115.234830577,33.687837347
5417,S0114,Ironwood State Prison,0,EDP Renewables North America LLC,Riverside,1,1,SUN,5/2/2008 12:00:00 AM,0,-114.918438868,33.565404363
5418,S0259,Genesis Solar Energy Project,0,Genesis Solar LLC,Riverside,250,"Unit 1, Unit 2",SUN,11/30/2013 12:00:00 AM,1,-114.994146031,33.6663832040001
5419,S0357,Ironwood State Prison II,0,Not Available,Riverside,4,1,SUN,7/4/2012 12:00:00 AM,0,-114.919234883,33.567037655
5420,S0111,Blythe 1 Solar,0,Clearway Energy,Riverside,21,1,SUN,12/18/2009 12:00:00 AM,0,-114.745171781,33.591683586
5421,S0122,Chuckawalla Valley State Prison (CVSP),0,EDP Renewables North America LLC,Riverside,0.94,Unit 1,SUN,7/1/2006 12:00:00 AM,0,-114.903085845,33.5651289890001
5422,S0346,McCoy Solar LLC,0,McCoy Solar LLC,Riverside,250,Unit 1,SUN,8/8/2015 12:00:00 AM,0,-114.739710457,33.6947169920001
5423,S0519,Blythe Solar 110 LLC,0,Blythe Solar 110 LLC,Riverside,110,Unit 1,SUN,3/18/2016 12:00:00 AM,1,-114.741934713,33.6797098970001
5424,S0699,"Blythe Solar III, LLC",0,NextEra Energy Resources LLC,Riverside,125,Unit 3,SUN,5/21/2020 12:00:00 AM,0,-114.763240332,33.6741611100001
5425,S0708,Blythe Solar IV LLC,0,NextEra Energy Resources LLC,Riverside,125,Unit 4,SUN,9/11/2020 12:00:00 AM,0,-114.749569093,33.654092043
5426,S0406,Venable Solar 1,0,NextEra Energy Resources LLC,Riverside,1.5,Venable 1,SUN,4/13/2015 12:00:00 AM,0,-114.572089569,33.5990210680001
5427,S0407,Venable Solar 2,0,NextEra Energy Resources LLC,Riverside,1.5,Venable 2,SUN,4/14/2015 12:00:00 AM,0,-114.572153274,33.5972906280001
5428,S0529,Blythe Solar II LLC,0,NRG Solar Blythe II LLC,Riverside,125,Unit 1,SUN,7/18/2016 12:00:00 AM,1,-114.69087129,33.614849673
5429,S0601,NRG Blythe Solar II LLC,0,Clearway Energy,Riverside,20,Unit 1,SUN,4/5/2017 12:00:00 AM,0,-114.70164983,33.626909643
5430,G0787,Blythe Energy Project,0,Altagas Blythe Operations Inc,Riverside,537,"CT11, CT12, ST10",NG,12/1/2003 12:00:00 AM,1,-114.686177107,33.615849698
5431,E0130,Palos Verdes Gas to Energy Facility - Retired Oct 2011,1,Sanitation Districts of Los Angeles County,Los Angeles,0,GN 1,LFG,5/1/1988 12:00:00 AM,0,-118.349620978,33.7929181540001
5432,G0053,El Segundo Energy Center,0,NRG El Segundo Operations,Los Angeles,526,"UNIT 5, UNIT 6, UNIT 7, UNIT 8",NG,8/1/2013 12:00:00 AM,1,-118.424525449,33.9102384440001
5433,G0105,Chevron El Segundo Refinery Cogeneration,0,Chevron Products Co - SoCal,Los Angeles,183.11,"GEN 1, GEN 2, GEN 3, GEN 4, GEN 5, GEN 6, GEN 7, GEN 8",NG,1/1/1975 12:00:00 AM,0,-118.403641806,33.9055944780001
5434,G0194,El Segundo Power Station - Retired 12/31/2015,1,NRG El Segundo Operations,Los Angeles,0,"UNIT 1, UNIT 2, UNIT 3, UNIT 4",NG,4/1/1956 12:00:00 AM,0,-118.424822509,33.9101385540001
5435,G0490,Redondo Beach LLC_(AES),1,AES Redondo Beach LLC,Los Angeles,0,"5, 6, 7, 8",NG,10/1/1954 12:00:00 AM,0,-118.394738461,33.849840187
5436,G0549,Scattergood,0,Los Angeles Department of Water & Power (LADWP),Los Angeles,876.02,"Unit #1, Unit #2, Unit #3, Unit #4, Unit #5, Unit #6, Unit #7",NG,12/1/1958 12:00:00 AM,0,-118.427540675,33.9182899040001
5437,G0803,Central Utility Plant (LAX),0,LAX Airport,Los Angeles,8,"1, 1RP, 2, 2RP",NG,2/1/1985 12:00:00 AM,0,-118.404584899,33.943363913
5438,G0925,THUMS,0,THUMS Long Beach Company,Los Angeles,47.8,LM-600,NG,12/1/2002 12:00:00 AM,0,-118.214130492,33.768369109
5439,G1030,Toyota Technical Center,0,Toyota Motor Engineering & Manufacturing NA Inc,Los Angeles,1.38,Unit 1,GAS,1/1/2006 12:00:00 AM,0,-118.305935496,33.8608221590001
5440,G0621,Techni-Cast,1,Techni-Cast Corporation,Los Angeles,1.42,"1, 3397845",NG,4/1/2002 12:00:00 AM,0,-118.16874918,33.9255368080001
5441,G0765,Linde Wilmington (Retired 12/2002),1,Praxair Inc,Los Angeles,0,"GEN 1, GEN 2",NG,1/1/1988 12:00:00 AM,0,-118.235892118,33.7958484110001
5442,S0144,Konoike Pacific California Inc,1,Konoike Pacific California Inc,Los Angeles,0,Unit 1,SUN,4/8/2011 12:00:00 AM,0,-118.241134796,33.7941588320001
5443,S0152,LA Harbor College,0,Los Angeles Community College District,Los Angeles,2.11,"1, 2",SUN,8/13/2010 12:00:00 AM,0,-118.286372236,33.784567399
5444,S0182,Harbor College  LACCD,0,Los Angeles Community College District,Los Angeles,1.1,SIP1042132,SUN,12/20/2010 12:00:00 AM,0,-118.284786119,33.7833454020001
5445,S0455,SunE - Torrance,0,Not Available,Los Angeles,0.98,Unit 1,SUN,10/16/2015 12:00:00 AM,0,-118.310330888,33.857636545
5446,S0620,ATT (DirecTV Broadcast),0,Tesla Inc.,Los Angeles,1.02,908628-CA,SUN,3/4/2015 12:00:00 AM,0,-118.2097879,33.829143167
5447,C0002,Los Angeles Refinery - Calciner,1,Tesoro Refining & Marketing Company LLC,Los Angeles,0,UNIT 1,PC,12/1/1982 12:00:00 AM,0,-118.228136429,33.7759465610001
5448,E0112,Southeast Resource Recovery (Retired 4/1/2024),1,Montenay Pacific Power Corp,Los Angeles,0,1,MSW,7/9/1987 12:00:00 AM,0,-118.240352941,33.7592657610001
5449,E0212,Total Energy Facilities,0,Sanitation Districts of Los Angeles County,Los Angeles,38.4,"GEN 1, GEN 2, GEN 3, GEN 4, GEN 4-repower",OBG,1/1/1986 12:00:00 AM,0,-118.28477987,33.8018119130001
5450,G0034,Andeavor Los Angeles Refinery,0,Tesoro LAR,Los Angeles,12,GEN 2,WH,6/1/1984 12:00:00 AM,0,-118.240749488,33.809260366
5451,G0035,Watson Cogeneration Co,0,Watson Cogeneration Company (Tesoro Refining & Marketing),Los Angeles,398,"GN91, GN92, GN93, GN94, GN95, GN96",NG,12/1/1987 12:00:00 AM,1,-118.244568308,33.8165534240001
5452,G0078,Wilmington - Air Products,0,Air Products and Chemicals Inc,Los Angeles,31.9,T101,WH,1/1/1996 12:00:00 AM,0,-118.233366203,33.7776395600001
5453,G0084,Carson Cogeneration Company,0,Carson Cogeneration Company,Los Angeles,60,"Unit 1, Unit 2",NG,2/1/1990 12:00:00 AM,0,-118.249313587,33.8761419840001
5454,G0245,Harbor,0,Los Angeles Department of Water & Power (LADWP),Los Angeles,836,"#1A & #2A, CC (1, 2, 5), GT, Unit #1, Unit #10, Unit #11, Unit #12, Unit #13, Unit #14, Unit #2, Unit #5, Unit #6, Unit #7, Unit #8, Unit #9",NG,1/1/1972 12:00:00 AM,0,-118.265401303,33.769331004
5455,G0246,Harbor Cogeneration Co,0,Harbor Cogeneration Co,Los Angeles,107.45,"HARBGN_7_PL2X3, HCC GT-1, HCC ST-1, HCC ST-2",NG,4/12/1989 12:00:00 AM,0,-118.240279093,33.7802443100001
5456,G0319,Long Beach Generation LLC,0,Long Beach Generation LLC,Los Angeles,260,"CT 1, CT 2, CT 3, CT 4, CT 5, CT 6, CT 7, GT 1, GT 2, GT 3, GT 4, ST 8, ST 9",NG,5/1/1977 12:00:00 AM,0,-118.224712741,33.764214242
5457,G0363,Torrance Refinery,0,PBF Energy LLC,Los Angeles,91.3,"EXP1, GTG1, STG1, Unit 1",NG,9/1/1983 12:00:00 AM,0,-118.329965643,33.8531590200001
5458,G0495,Rhodia Dominguez Plant,0,Eco Services Operations Corp,Los Angeles,5,GEN1,NG,8/1/1976 12:00:00 AM,0,-118.233099615,33.8427576990001
5459,G0759,ConocoPhillips Los Angeles Refinery Wilmington Plant,0,ConocoPhillips,Los Angeles,68.5,Unit G2,OG,5/1/1988 12:00:00 AM,0,-118.286896431,33.768424365
5460,G0776,Los Angeles Refinery (Tesoro),0,Tesoro LAR,Los Angeles,83,"GEN1, GEN2, GEN3",NG,12/1/1982 12:00:00 AM,0,-118.234577185,33.7901704240001
5461,G1076,Alamitos Energy Center,0,AES Southland,Los Angeles,693,"1A, 1B, 1S",NG,2/6/2020 12:00:00 AM,1,-118.100440563,33.769292826
5462,G9111,Barre Peaker,0,Southern California Edison (SCE),Orange,49,1,NG,8/1/2007 12:00:00 AM,0,-117.982851441,33.8073185040001
5463,G9222,Center Peaker,0,Southern California Edison (SCE),Los Angeles,49,1,NG,8/1/2007 12:00:00 AM,0,-118.104739613,33.929576539
5464,H0119,Coyote Creek,0,Metropolitan Water District,Orange,3.13,1,WAT,3/1/1984 12:00:00 AM,0,-117.955138832,33.925000004
5465,G0673,Norwalk ( Retired 2-18-2018 - formerly Wheelabrator Norwalk Energy),1,California Department of State Hospitals,Los Angeles,0,"1, 2",NG,2/18/1988 12:00:00 AM,0,-118.068544241,33.9256485120001
5466,S0208,Golden Springs Building C1,0,Thrifty Oil,Los Angeles,1.3,C1,SUN,2/10/2012 12:00:00 AM,0,-118.054331124,33.913079549
5467,S0209,Golden Springs Building D1,0,Thrifty Oil,Los Angeles,1.25,D1,SUN,8/1/2012 12:00:00 AM,0,-118.052353373,33.9123338950001
5468,S0366,Staples - La Mirada,0,EDP Renewables North America LLC,Los Angeles,1,1,SUN,3/19/2010 12:00:00 AM,0,-118.017965109,33.881694925
5469,S0438,Golden Springs Building H,0,Thrifty Oil,Los Angeles,1.5,1,SUN,3/12/2015 12:00:00 AM,0,-118.045698514,33.9107500980001
5470,S0439,Golden Springs Building M,0,Thrifty Oil,Los Angeles,1.75,1,SUN,3/10/2016 12:00:00 AM,0,-118.044045372,33.9107588050001
5471,S0575,Golden Springs Building G,0,Thrifty Oil,Los Angeles,1.25,Unit 1,SUN,12/31/2016 12:00:00 AM,0,-118.048997043,33.914045055
5472,S0576,Golden Springs Building F,0,Thrifty Oil,Los Angeles,1.3,Unit 1,SUN,12/31/2016 12:00:00 AM,0,-118.041470463,33.9124936640001
5473,S0577,Golden Springs Building L,0,Thrifty Oil,Los Angeles,1,Unit 1,SUN,12/31/2016 12:00:00 AM,0,-118.049730653,33.912455177
5474,S0578,Freeway Springs,0,Golden Solar LLC (Dulles),Los Angeles,2,Unit 1,SUN,10/31/2016 12:00:00 AM,0,-118.049883755,33.91085672
5475,G0011,Alamitos,0,AES Alamitos LLC,Los Angeles,1135.27,"AL 1, AL 2, AL 3, AL 4, AL 5, AL 6, AL 7",NG,9/1/1956 12:00:00 AM,0,-118.101142893,33.769289686
5476,G0054,Biola University,0,Biola University,Los Angeles,3.94,"EG1, EG2, EG3",NG,4/1/1990 12:00:00 AM,0,-118.012995009,33.9070098350001
5477,G0249,Haynes Generating Station,0,Los Angeles Department of Water & Power (LADWP),Los Angeles,1730.34,"Unit #1, Unit #10, Unit #11, Unit #12, Unit #13, Unit #14, Unit #15, Unit #16, Unit #2, Unit #3, Unit #4, Unit #5, Unit #6, Unit #8, Unit #9",NG,7/1/1919 12:00:00 AM,0,-118.099297325,33.764819082
5478,G1077,Stanton Energy Reliability Center,0,Wellhead Services Inc,Orange,121,"GT1, GT2",NG,7/1/2020 12:00:00 AM,1,-117.986841538,33.8068700650001
5479,G0642,Unocal Fred L Hartley Research Center (Retired 12/31/2001),1,Tosco Corporation,Orange,0,2382,NG,12/1/1991 12:00:00 AM,0,-117.849906133,33.9151210960001
5480,H0539,Valley View,0,Metropolitan Water District,Orange,4.1,1,WAT,8/1/1985 12:00:00 AM,0,-117.829306076,33.900014029
5481,H0577,Yorba Linda,0,Metropolitan Water District,Orange,5.09,1,WAT,8/1/1981 12:00:00 AM,0,-117.81942335,33.9113378690001
5482,E0249,Brea Expansion Plant - Brea Power II LLC,0,Brea Parent 2007 LLC c/o Broadrock Renewables LLC,Orange,32.81,1 - 5,LFG,11/1/2012 12:00:00 AM,0,-117.840834814,33.9324002930001
5483,E0109,Brea Power Partners LP (Retired 9/25/2019),1,Ridgewood Power Management LLC,Orange,0,Gen 1-3,LFG,12/1/1985 12:00:00 AM,0,-117.839786926,33.9319154510001
5484,G0026,Anaheim CT (Retired 12/31/2019),1,Southern California Public Power Authority (SCPPA),Orange,0,1,NG,4/1/1991 12:00:00 AM,0,-117.855971679,33.8536487750001
5485,G0058,Canyon Power Plant,0,Southern California Public Power Authority (SCPPA),Orange,200.48,"ANAHM_2 CTG 1, ANAHM_2 CTG 2, ANAHM_2 CTG 3, ANAHM_2 CTG 4",NG,7/1/2011 12:00:00 AM,1,-117.862135004,33.8585149510001
5486,G0804,Linn Western Processing Generating Facility (Blacksand),0,"Bridge Energy, LLC",Orange,16.33,"1, 182, 183, 190",NG,11/30/2000 12:00:00 AM,0,-117.855938302,33.932992406
5487,F0003,UCI Fuel Cell (Retired 8-12-2023),1,Fuel Cell Energy,Orange,0,MB16,NG,12/15/2015 12:00:00 AM,0,-117.888414894,33.7869241540001
5488,G0923,Clearwater,0,City of Riverside Public Utilities Department,Riverside,49,"CT1, ST1",NG,3/1/2005 12:00:00 AM,0,-117.608290146,33.891197058
5489,H0114,Corona,0,Metropolitan Water District,Riverside,2.85,1,WAT,5/1/1983 12:00:00 AM,0,-117.610789116,33.8590956990001
5490,S0379,SCE - Corona,0,EDP Renewables North America LLC,Riverside,0.99,1,SUN,4/15/2013 12:00:00 AM,0,-117.588134746,33.892095295
5491,G0149,Corona Cogen (Retired),1,WCAC Operating Company,Riverside,0,Unit 1,NG,6/1/1988 12:00:00 AM,0,-117.580332447,33.8917929460001
5492,H0282,Lake Mathews,0,Metropolitan Water District,Riverside,4.9,1,WAT,5/1/1980 12:00:00 AM,0,-117.453662798,33.8552141480001
5493,H0509,Temescal,0,Metropolitan Water District,Riverside,2.85,1,WAT,4/1/1983 12:00:00 AM,0,-117.497051781,33.8342297350001
5494,S0133,Temescal Canyon RV  LLC,0,Temescal Canyon RV LLC,Riverside,1.5,1,SUN,5/17/2011 12:00:00 AM,0,-117.511558083,33.827804815
5495,E0139,Corona Landfill - Retired Dec 2004,1,NEO Corporation,Riverside,0,UNT1,LFG,1/1/1991 12:00:00 AM,0,-117.539142857,33.8666557710001
5496,E0207,El Sobrante Landfill (Retired 9/30/2016),1,WM Energy Solutions Inc,Riverside,0,"1, 2, 3",LFG,12/1/2004 12:00:00 AM,0,-117.474835881,33.793795921
5497,G0912,Springs Generation Project,0,City of Riverside Public Utilities Department,Riverside,40,"1, 2, 3, 4",NG,7/17/2002 12:00:00 AM,0,-117.293505554,33.930183202
5498,S0202,SPVP044 Perris (Valley) (retired 7/2019),1,Southern California Edison (SCE),Riverside,0,1,SUN,9/14/2012 12:00:00 AM,0,-117.222940893,33.838925912
5499,S0364,Walgreens - Moreno Valley,0,EDP Renewables North America LLC,Riverside,1,1,SUN,9/26/2007 12:00:00 AM,0,-117.221226116,33.866002268
5500,S0441,Park Meridian,0,Altus Power,Riverside,1.49,PM,SUN,3/26/2015 12:00:00 AM,0,-117.2836559,33.896466118
5501,H0382,Perris,0,Metropolitan Water District,Riverside,7.94,1,WAT,2/1/1983 12:00:00 AM,0,-117.183180181,33.8360512830001
5502,S0416,Tahquitz High School,0,S-Power (Sustainable Power Group),Riverside,1,1,SUN,9/1/2012 12:00:00 AM,0,-117.0195006,33.768794509
5503,W0401,Robertsons Ready-Mix,0,Foundation Windpower,Riverside,2,WPRS 1,WND,12/1/2012 12:00:00 AM,0,-116.814625843,33.9171057660001
5504,H0136,Whitewater Hydroelectric Plant,0,Desert Water Agency,Riverside,1.38,WWH1,WAT,3/1/1986 12:00:00 AM,0,-116.640558031,33.9347027040001
5505,W0258,"Cabazon Wind Partners, LLC",0,Not Available,Riverside,40.92,WPRS 1,WND,12/3/1984 12:00:00 AM,0,-116.710544804,33.9150639850001
5506,W0260,Mesa Wind Power Corporation,0,Mesa Wind Power Corporation,Riverside,29.9,WPRS 1,WND,11/29/1984 12:00:00 AM,0,-116.676721479,33.946957395
5507,W0268,Windparks Unlimited 1 and 2 (retired 11/30/2019),1,EUI Management PH Inc,Riverside,0,WPRS 1,WND,1/1/1983 12:00:00 AM,0,-116.623460477,33.942117496
5508,W0292,Altech III (NAWP Inc. - 6087) (retired 9/30/2019),1,Seawest Energy Group,Riverside,0,WPRS 1,WND,1/1/1983 12:00:00 AM,0,-116.736231031,33.9128243110001
5509,W0382,Alta Mesa Phase III - In Litigation - No reporting,0,See WPRS for details,Riverside,9.5,WPRS 1,WND,1/1/1997 12:00:00 AM,0,-116.663302446,33.9450114140001
5510,W0402,Nestle Waters,0,Foundation Windpower,Riverside,3.24,WPRS 1,WND,12/1/2012 12:00:00 AM,0,-116.751671936,33.9177389160001
5511,W0452,Cabazon Wind,0,See WPRS for details,Riverside,38.85,WPRS 1,WND,12/3/1984 12:00:00 AM,0,-116.718346588,33.914878964
5512,S0250,North Palm Springs 1A,0,Solar Power Inc,Riverside,2.8,1,SUN,4/2/2012 12:00:00 AM,0,-116.595189548,33.923234338
5513,S0251,North Palm Springs 4A,0,Solar Power Inc,Riverside,4.9,1,SUN,11/2/2012 12:00:00 AM,0,-116.562396592,33.909299462
5514,S0363,Palm Springs SD - Cathedral City HS,0,EDP Renewables North America LLC,Riverside,1,1,SUN,8/9/2013 12:00:00 AM,0,-116.450056258,33.8027440110001
5515,S0365,Palm Springs SD - Palm Springs HS,0,EDP Renewables North America LLC,Riverside,1.02,1,SUN,8/28/2013 12:00:00 AM,0,-116.520793566,33.8190428680001
5516,S9401,Garnet Solar Power Generation Station 1,0,Not Available,Riverside,4,1,SUN,12/1/2014 12:00:00 AM,0,-116.544000718,33.8929450040001
5517,S0640,Desert Hot Springs 2,0,Not Available,Riverside,1.5,Unit 1,SUN,12/31/2013 12:00:00 AM,0,-116.530127229,33.922988919
5518,G0119,Municipal Cogeneration Plant (Palm Springs),1,City of Palm Springs,Riverside,1.13,"GEN1, GEN2, Unit 1",NG,6/1/1985 12:00:00 AM,0,-116.511096546,33.824959386
5519,G0512,Sentinel Energy Center,0,DGC Operations LLC,Riverside,800,"1, 2, 3, 4, 5, 6, 7, 8",NG,5/10/2013 12:00:00 AM,1,-116.572586428,33.936540715
5520,G0818,Indigo Generation LLC,0,DGC Operations LLC,Riverside,135,"Indigo1, Indigo2, Indigo3",NG,7/26/2001 12:00:00 AM,1,-116.552979525,33.9112510040001
5521,W0261,San Gorgonio Farms Wind Farm,0,San Gorgornio Farms Inc,Riverside,30.9,WPRS 1,WND,3/1/1983 12:00:00 AM,0,-116.614712854,33.927413857
5522,W0277,Phoenix Wind (Section 20 Trust),0,Seawest Energy Group,Riverside,2.1,WPRS 1,WND,1/10/1985 12:00:00 AM,0,-116.570554692,33.9393802860001
5523,W0278,East Winds Project (NAWP Inc),0,Seawest Energy Group,Riverside,3,WPRS 1,WND,1/1/1983 12:00:00 AM,0,-116.548066171,33.891719483
5524,W0283,San Gorgonio Westwinds II,0,Terra-Gen Operating Company,Riverside,43.4,WPRS 1,WND,1/1/1983 12:00:00 AM,0,-116.583257392,33.9353677190001
5525,W0286,Karen Avenue Wind Farm,0,San Gorgornio Farms Inc,Riverside,11.7,WPRS 1,WND,1/1/1983 12:00:00 AM,0,-116.56076177,33.9219458380001
5526,W0299,Green Power I (Dutch Energy Corp) (retired May 2022),1,Seawest Energy Group,Riverside,16.2,WPRS 1,WND,4/13/1990 12:00:00 AM,0,-116.595767301,33.909188285
5527,W0311,Painted Hills Wind Developers (Zond Systems Inc - 6112) (retired 11/30/2019),1,Not Available,Riverside,0,WPRS 1,WND,1/1/1983 12:00:00 AM,0,-116.618229405,33.9387156490001
5528,W0318,"Wintec Energy, Ltd.",1,Windpower Partners 1993 LP,Riverside,0,WPRS 1,WND,12/22/1986 12:00:00 AM,0,-116.56695025,33.9110582590001
5529,W0360,Mountain View III,0,See WPRS for details,Riverside,22.44,WPRS 1,WND,12/15/2003 12:00:00 AM,0,-116.591444945,33.918562788
5530,W0361,"Whitewater Hill Partners, LLC",0,Terra-Gen Operating Company,Riverside,61.5,WPRS 1,WND,8/31/2002 12:00:00 AM,0,-116.623103702,33.9222097680001
5531,W0364,Dillon Wind,0,FPL Energy Operating Services Inc,Riverside,45,WPRS 1,WND,4/18/2008 12:00:00 AM,0,-116.587362183,33.9385452240001
5532,W0365,Difwind Farms LTD I (retired 3/31/2019),1,FPL Energy Operating Services Inc,Riverside,0,WPRS 1,WND,1/1/1983 12:00:00 AM,0,-116.568109444,33.8967860860001
5533,W0366,Difwind Farms LTD II (retired 3/31/2019),1,FPL Energy Operating Services Inc,Riverside,0,WPRS 1,WND,1/1/1983 12:00:00 AM,0,-116.564034094,33.899980412
5534,W0386,Difwind Farms LTD V (retired 12/31/2019),1,EDF Renewable Energy Inc,Riverside,0,WPRS 1,WND,3/31/2005 12:00:00 AM,0,-116.572914591,33.9303464400001
5535,W0391,"Edom Hills Project 1, LLC",0,BP Wind Energy North America,Riverside,20,WPRS 1,WND,1/1/1983 12:00:00 AM,0,-116.459631413,33.885205114
5536,W0413,"WAGNER WIND, LLC",0,See WPRS for details,Riverside,6,WPRS 1,WND,7/30/2013 12:00:00 AM,0,-116.555823777,33.909701166
5537,W0430,Mountain View IV,0,See WPRS for details,Riverside,49,WPRS 1,WND,12/31/1989 12:00:00 AM,0,-116.562557515,33.8823783990001
5538,W0437,Wintec Energy #2-A,0,See WPRS for details,Riverside,1.32,WPRS 1,WND,2/23/2012 12:00:00 AM,0,-116.560631692,33.9133543890001
5539,W0439,Dutch Energy Wind Farm (retired 1/24/2020),1,See WPRS for details,Riverside,0,WPRS 1,WND,1/1/1983 12:00:00 AM,0,-116.560254917,33.8916430960001
5540,W0440,Garnet Wind Energy Center,0,See WPRS for details,Riverside,6.5,WPRS 1,WND,6/2/2009 12:00:00 AM,0,-116.582376721,33.90752136
5541,W0447,San Gorgonio Wind,0,See WPRS for details,Riverside,49.5,WPRS 1,WND,12/31/1989 12:00:00 AM,0,-116.550649958,33.916714201
5542,W0450,Mountain View I (Retired 12/3/2021),0,S-Power (Sustainable Power Group),Riverside,0,WPRS 1,WND,3/24/2001 12:00:00 AM,0,-116.573192123,33.9229931520001
5543,W0451,Mountain View II (Retired 12/3/2021),1,See WPRS for details,Riverside,0,WPRS 1,WND,9/17/2001 12:00:00 AM,0,-116.573702203,33.916981084
5544,W0300,"Westwind Partners, LLC (ENXCO) - Decommissioned 7/1/2016",1,Westwind Association,Riverside,0,WPRS 1,WND,1/1/1983 12:00:00 AM,0,-116.567514805,33.9456280110001
5545,W0478,"Painted Hills Wind Holdings, LLC",0,"Terra-Gen, LLC",Riverside,46.8,WPRS 1,WND,3/17/2021 12:00:00 AM,0,-116.543666116,33.907882065
5546,W0479,"Coachella Wind Holdings, LLC",0,"Terra-Gen, LLC",Riverside,61.2,WPRS 1,WND,3/31/2021 12:00:00 AM,0,-116.543666116,33.907882065
5547,S0367,Palm Springs SD - Rancho Mirage HS,0,EDP Renewables North America LLC,Riverside,1,1,SUN,8/28/2013 12:00:00 AM,0,-116.433669096,33.823610387
5548,S0256,Desert Sunlight 250,0,First Solar Electric (California) LLC,Riverside,115.92,DSL250,SUN,12/25/2013 12:00:00 AM,0,-115.403544769,33.8114453540001
5549,S0257,Desert Sunlight 300,0,First Solar Electric (California) LLC,Riverside,192.77,DSL300,SUN,10/15/2013 12:00:00 AM,0,-115.404889881,33.824324892
5550,E0211,Oxnard Wastewater Treatment Plant,0,City of Oxnard Wastewater Division,Ventura,1.5,"7610, 7710, 7810",OBG,8/1/1981 12:00:00 AM,0,-119.184446236,34.141319535
5551,G0421,Ormond Beach Generating Station,0,GenOn Holdings Inc.,Ventura,1612.8,"UNIT 1, UNIT 2",NG,8/3/1971 12:00:00 AM,0,-119.168804653,34.1301561880001
5552,G0677,Oxnard Mill (New-Indy Containerboard),0,New-Indy Oxnard LLC,Ventura,29,921-2015,NG,3/1/1986 12:00:00 AM,0,-119.183653597,34.1415706880001
5553,H0193,Franklin,0,Los Angeles Department of Water & Power (LADWP),Los Angeles,2,Unit 1,WAT,6/3/1921 12:00:00 AM,0,-118.413791449,34.1039955960001
5554,H0466,San Gorgonio 2,0,Southern California Edison (SCE),Riverside,0.94,1,WAT,12/1/1923 12:00:00 AM,0,-118.425296408,34.0088784380001
5555,H0467,Sawtelle,0,Los Angeles Department of Water & Power (LADWP),Los Angeles,1,1,WAT,6/1/1986 12:00:00 AM,0,-118.467286727,34.0718397270001
5556,H0472,Sepulveda Canyon,0,Metropolitan Water District,Los Angeles,8.54,1,WAT,3/1/1982 12:00:00 AM,0,-118.479817213,34.0969732880001
5557,G0582,Saint Johns Health Center (Retired 1/1/2004),1,Saint Johns Health Center,Los Angeles,0,TG-1,NG,2/1/1992 12:00:00 AM,0,-118.480192049,34.030412375
5558,G0756,Television City Cogen LP (Retired 2002),1,Television City Cogen LP,Los Angeles,0,CBSS,NG,6/1/1984 12:00:00 AM,0,-118.358832414,34.075251918
5559,H0541,Venice,0,Metropolitan Water District,Los Angeles,10.12,1,WAT,5/1/1982 12:00:00 AM,0,-118.416807953,34.0113074380001
5560,S9154,West Los Angeles VA Health Care System,0,Not Available,Los Angeles,9,1,SUN,1/1/2012 12:00:00 AM,0,-118.450477698,34.051525214
5561,S9157,CBS Television City,0,Not Available,Los Angeles,1.84,1,SUN,1/1/2013 12:00:00 AM,0,-118.359677796,34.0747949080001
5562,G0763,UCLA Energy Systems Facility,0,Parsons Energy & Chemical,Los Angeles,43,"CTG-1, CTG-2, STG-1",NG,1/1/1994 12:00:00 AM,0,-118.44669033,34.06731059
5563,G0588,Coldgen; Sunlaw (Federal Plant) - Retired September 2002,1,Sunlaw Energy Partners I LP,Los Angeles,0,"GEN1, GEN2",NG,7/1/1986 12:00:00 AM,0,-118.217066388,33.9969258560001
5564,G0754,Grogen Sunlaw (Growers),1,Sunlaw Energy Partners I LP,Los Angeles,0,GEN1,NG,6/9/1986 12:00:00 AM,0,-118.207710985,34.005794682
5565,S0183,LA County MTA/Metro,0,LA County MTA/Metro,Los Angeles,1.05,SIP742152,SUN,4/1/2009 12:00:00 AM,0,-118.229206671,34.058514717
5566,S0184,Dependable Highway Express,0,Dependable Highway Express Inc,Los Angeles,1.05,SIP1027942,SUN,3/2/2012 12:00:00 AM,0,-118.224033291,34.02761894
5567,S0369,ELACC - Parking Lot,0,Not Available,Los Angeles,1,1,SUN,3/27/2008 12:00:00 AM,0,-118.148090545,34.0402559120001
5568,S9114,MTA,0,Not Available,Los Angeles,1.2,1,SUN,1/1/2012 12:00:00 AM,0,-118.229401845,34.0572094730001
5569,S9116,Dependable Highway Express Inc,0,Not Available,Los Angeles,1.2,1,SUN,1/1/2012 12:00:00 AM,0,-118.223958818,34.0268971460001
5570,S9156,Occidental College Solar Project,0,Not Available,Los Angeles,1.14,1,SUN,1/1/2013 12:00:00 AM,0,-118.206800342,34.128197748
5571,E0113,"Commerce Refuse To Energy (Retired June 30, 2018)",1,Sanitation Districts of Los Angeles County,Los Angeles,0,1,MSW,11/1/1986 12:00:00 AM,0,-118.153779327,33.9948565290001
5572,G0231,Glenarm,0,City of Pasadena,Los Angeles,226.76,"G9, GT 1, GT 2, GT 3, GT 4, GT 5",NG,1/1/1975 12:00:00 AM,0,-118.148730678,34.1266827800001
5573,G0028,Cenveo Anderson Lithograph (Shutdown May 2009),1,Cenveo Corporation,Los Angeles,0,"GCTG-1, STG-1",NG,7/19/1995 12:00:00 AM,0,-118.141118568,33.988509433
5574,G0061,Broadway (Retired 12/31/2016),1,City of Pasadena,Los Angeles,0,"B1, B2, B3",NG,3/1/1955 12:00:00 AM,0,-118.147757994,34.126089762
5575,G0145,Smurfit Stone Container Corporation - Retired August 2002,1,Jefferson Smurfit Container Corp,Los Angeles,0,1,NG,6/1/1986 12:00:00 AM,0,-118.235028166,33.9913836970001
5576,G0203,NP Cogen Inc - Retired December 2001,1,Newark Pacific Paperboard Corp (NP Cogen Inc),Los Angeles,0,"GNGT, GNST",NG,12/1/1982 12:00:00 AM,0,-118.165551863,33.982172023
5577,G0262,Los Angeles Cold Storage - Retired Dec 2003,1,Los Angeles Cold Storage Company,Los Angeles,0,1,NG,8/11/1989 12:00:00 AM,0,-118.239050095,34.043762588
5578,G0652,Vernon (includes H. Gonzales),0,City of Vernon,Los Angeles,41.8,"VER1, VER2, VER3, VER4, VER5, VER6, VER7",OIL,8/1/1933 12:00:00 AM,0,-118.221766598,33.9988249190001
5579,G0758,Civic Center Cogen (retired 3/2020),1,LA County ISD (Civic Center),Los Angeles,0,"Brush, Fuji",NG,8/1/1988 12:00:00 AM,0,-118.243717899,34.056493183
5580,G0894,Malburg Power Plant,0,City of Vernon Public Utilities,Los Angeles,158.8,"M1, M2, M3",NG,10/17/2005 12:00:00 AM,1,-118.220446359,33.9988742620001
5581,H0412,Rio Hondo,0,Metropolitan Water District,Los Angeles,1.91,1,WAT,12/1/1993 12:00:00 AM,0,-118.099258979,34.0047166860001
5582,S0442,Pico Rivera,0,Not Available,Los Angeles,0.9,Unit 1,SUN,11/20/2015 12:00:00 AM,0,-118.103273314,33.982257728
5583,E0127,Puente Hills Energy Recovery,0,Sanitation Districts of Los Angeles County,Los Angeles,50,"GEN 1, GEN 2",LFG,1/1/1984 12:00:00 AM,0,-118.024191305,34.023791762
5584,E0128,Puente Hills Gas-to-Energy Facility  Phase II (Retired 12/31/2016),1,Sanitation Districts of Los Angeles County,Los Angeles,0,"Gen-3, Gen-4, Gen-5",LFG,1/1/2006 12:00:00 AM,0,-118.024529667,34.0236632680001
5585,E0261,Whittier LFG Power Plant 1,0,J&A Santa Maria,Los Angeles,2.2,"ENG1, ENG2",LFG,12/1/2006 12:00:00 AM,0,-118.047230113,33.9707088750001
5586,G0757,California Institute of Technology,0,California Institute of Technology,Los Angeles,12.5,"GEN1, GEN2, GEN3, GEN4, GEN5",NG,1/1/2000 12:00:00 AM,0,-118.122353193,34.1400354900001
5587,G0928,Walnut Creek Energy Park,0,Walnut Creek Energy LLC,Los Angeles,500.5,"1, 2, 3, 4, 5",NG,12/29/2012 12:00:00 AM,1,-117.945152284,34.00853347
5588,G1072,"Irwindale Brew Yard LLC (formerly Molson, MillerCoors)",0,"IBY, LLC",Los Angeles,14.23,"D175, D176, S-1, T-100, T-200",NG,1/1/2002 12:00:00 AM,0,-117.939867804,34.1266691000001
5589,H0437,San Dimas Hydro Recovery Plant,0,Metropolitan Water District,Los Angeles,9.92,1,WAT,3/1/1981 12:00:00 AM,0,-117.79574691,34.1275285510001
5590,H0443,San Dimas Wash,0,San Gabriel Valley Municipal Water District,Los Angeles,1.05,UNIT 1,WAT,3/1/1986 12:00:00 AM,0,-117.805052868,34.124161256
5591,G0437,Paper-Pak Industries (Shutdown 12/31/2008),1,Paper-Pak Industries,Los Angeles,0,GEN1,NG,1/1/1984 12:00:00 AM,0,-117.764711273,34.0952988350001
5592,G0562,AltaGas Pomona Energy Inc (cogen prior to 2016) (retired 9/6/2019),1,North American Energy Services Company,Los Angeles,0,1,NG,1/2/1985 12:00:00 AM,0,-117.774077544,34.059034017
5593,G0565,Blue Heron Paper - Retired 2006,1,Blue Heron Paper Co of California,Los Angeles,0,Unit 1,NG,12/1/1966 12:00:00 AM,0,-117.784008189,34.059222262
5594,G1042,Pacific Palms Cogeneration (shutdown Dec 2014),1,Intertie,Los Angeles,0,1,NG,11/1/2002 12:00:00 AM,0,-117.927704704,34.0208841370001
5595,S0221,Industry MetroLink PV 1,0,Intertie,Los Angeles,1.5,1,SUN,5/1/2012 12:00:00 AM,0,-117.844814941,34.009574921
5596,S0527,Weymouth Solar Plant,0,Metropolitan Water District,Los Angeles,2.99,Unit 1,SUN,6/1/2016 12:00:00 AM,0,-117.783581792,34.107765081
5597,S9258,United States Department of Agriculture  Forest Service,0,Not Available,Los Angeles,0.25,Unit 1,SUN,12/31/2014 12:00:00 AM,0,-117.800387318,34.1058005200001
5598,E0152,MM West Covina LLC,0,OPAL Fuels,Los Angeles,6.8,"GEN1, GEN2",LFG,6/1/1993 12:00:00 AM,0,-117.906155447,34.0335435010001
5599,E0129,"Spadra Landfill Gas to Energy (Retired September 30, 2015)",1,Sanitation Districts of Los Angeles County,Los Angeles,0,GEN 1,LFG,4/4/1991 12:00:00 AM,0,-117.821685195,34.0409230650001
5600,S0709,Walnut High,0,Tesla Inc.,Los Angeles,1.23,91714744-CA,SUN,9/30/2019 12:00:00 AM,0,-117.851148358,34.0227049470001
5601,G0415,Black Hills Ontario Facility -Retired February 2009,1,Black Hills Ontario LLC,San Bernardino,0,"Unit 1, Unit 2",NG,12/1/1984 12:00:00 AM,0,-117.641010256,34.0561415110001
5602,S0118,SPVP002 Chino Rooftop Solar (retired 12/31/2023),1,Southern California Edison (SCE),San Bernardino,0,1,SUN,10/1/2009 12:00:00 AM,0,-117.700857139,33.9850236
5603,S0199,SPVP032 Ontario - Kennedy 2 (retired 12/31/2023),1,Southern California Edison (SCE),San Bernardino,0,1,SUN,12/22/2011 12:00:00 AM,0,-117.571907086,34.0324546190001
5604,S0210,SS San Antonio West  LLC,0,Not Available,Riverside,1.87,Unit 1,SUN,6/14/2012 12:00:00 AM,0,-117.659051908,33.966779995
5605,S0433,Terra Francesco,0,Kona Solar LLC,San Bernardino,1.49,TF,SUN,3/1/2015 12:00:00 AM,0,-117.605560256,34.0394105560001
5606,G0404,Chino Cogeneration,0,GE,San Bernardino,31.2,"GEN 1, GEN 2",NG,3/1/1988 12:00:00 AM,0,-117.680842836,33.98954367
5607,G0522,San Antonio Community Hospital,0,San Antonio Community Hospital,San Bernardino,2.7,"Unit 1, Unit 2, Unit 3",NG,1/1/1985 12:00:00 AM,0,-117.638244202,34.102399173
5608,S9412,Jurupa Valley Solar PV,0,Sacramento PV Energy LLC,San Bernardino,1.5,1,SUN,1/3/2014 12:00:00 AM,0,-117.591767387,34.0504843890001
5609,G0922,Riverside Energy Resource Center,0,City of Riverside Public Utilities Department,Riverside,192,"1, 2, 3, 4",NG,6/1/2006 12:00:00 AM,0,-117.452953062,33.96327376
5610,G9333,Etiwanda Peaker,0,Southern California Edison (SCE),San Bernardino,49,1,NG,8/1/2007 12:00:00 AM,0,-117.533887348,34.0904349580001
5611,G9444,Mira Loma Peaker,0,Southern California Edison (SCE),San Bernardino,49,1,NG,8/1/2007 12:00:00 AM,0,-117.56083111,34.0053449170001
5612,H0174,Etiwanda,0,Metropolitan Water District,San Bernardino,23.9,1,WAT,7/1/1994 12:00:00 AM,0,-117.525641546,34.1034159600001
5613,S0128,SPVP003 Rialto (retired 12/31/2023),1,Southern California Edison (SCE),San Bernardino,0,1,SUN,3/1/2011 12:00:00 AM,0,-117.400027544,34.0941725120001
5614,S0136,SPVP006 Ontario (retired 12/31/2023),1,Southern California Edison (SCE),San Bernardino,0,1,SUN,8/1/2011 12:00:00 AM,0,-117.57131436,34.0416745970001
5615,S0186,SPVP008 Ontario (retired 12/31/2023),1,Southern California Edison (SCE),San Bernardino,0,1,SUN,12/30/2010 12:00:00 AM,0,-117.565673266,34.042061473
5616,S0187,SPVP009 Ontario (retired 12/31/2023),1,Southern California Edison (SCE),San Bernardino,0,1,SUN,1/10/2011 12:00:00 AM,0,-117.57057928,34.0429802560001
5617,S0188,SPVP010 Fontana (Etiwanda) (retired 12/31/2023),1,Southern California Edison (SCE),San Bernardino,0,1,SUN,5/18/2011 12:00:00 AM,0,-117.517109556,34.0748594560001
5618,S0191,SPVP015 Fontana (Etiwanda) includes SPVP001 (retired 12/31/2023),1,Southern California Edison (SCE),San Bernardino,0,1,SUN,12/29/2010 12:00:00 AM,0,-117.516713129,34.080228461
5619,S0193,SPVP017 Fontana (Etiwanda) (retired 12/31/2023),1,Southern California Edison (SCE),San Bernardino,0,1,SUN,12/14/2011 12:00:00 AM,0,-117.512913915,34.073447921
5620,S0194,SPVP018 Fontana (Etiwanda) (retired 12/31/2023),1,Southern California Edison (SCE),San Bernardino,0,1,SUN,5/23/2011 12:00:00 AM,0,-117.516630669,34.083996583
5621,S0196,SPVP023 Fontana (Etiwanda) (retired 12/31/2023),1,Southern California Edison (SCE),San Bernardino,0,1,SUN,5/12/2011 12:00:00 AM,0,-117.520278542,34.0801525030001
5622,S0197,SPVP026 Rialto (retired 12/31/2023),1,Southern California Edison (SCE),San Bernardino,0,1,SUN,8/26/2011 12:00:00 AM,0,-117.425342552,34.132376761
5623,S0200,SPVP033 Ontario - Kennedy 3 (retired 12/31/2023),1,Southern California Edison (SCE),San Bernardino,0,1,SUN,12/12/2011 12:00:00 AM,0,-117.568678159,34.0326335710001
5624,S0227,SPVP027 Rialto (retired 12/31/2023),1,Southern California Edison (SCE),San Bernardino,0,1,SUN,11/27/2012 12:00:00 AM,0,-117.425482942,34.127199166
5625,S0444,Tequesquite Landfill Solar PV Project,0,CD Arevon USA Inc.,Riverside,7.5,Unit 1,SUN,9/9/2015 12:00:00 AM,0,-117.410209783,33.973504002
5626,S0446,Rancho Cucamonga Distribution #1,0,Altus Power,San Bernardino,1.75,Unit 1,SUN,10/21/2014 12:00:00 AM,0,-117.553652352,34.1001061210001
5627,S0447,SunE - Rochester,0,Not Available,San Bernardino,1,Unit 1,SUN,10/16/2015 12:00:00 AM,0,-117.544492243,34.097919608
5628,S0448,SunE - Mira Loma,0,Not Available,Riverside,0.5,Unit 1,SUN,10/16/2015 12:00:00 AM,0,-117.517391859,34.028557156
5629,S0449,SunE - Dupont Ontario,0,Not Available,San Bernardino,0.65,Unit 1,SUN,10/16/2015 12:00:00 AM,0,-117.553234853,34.0451414030001
5630,S0453,SunE - E Philadelphia Ontario,0,Not Available,San Bernardino,1.3,Unit 1,SUN,10/16/2015 12:00:00 AM,0,-117.534092799,34.0359861540001
5631,S0454,SunE - Jurupa Fontana,0,Not Available,San Bernardino,1.19,Unit 1,SUN,10/16/2015 12:00:00 AM,0,-117.519097642,34.0389520410001
5632,S0572,Dulles,0,Golden Solar LLC (Dulles),Riverside,2,Unit 1,SUN,11/17/2016 12:00:00 AM,0,-117.51740061,34.029799095
5633,S0595,Milliken Landfill Solar,0,Not Available,San Bernardino,3,Unit 1,BAT,6/23/2017 12:00:00 AM,0,-117.568207972,34.0391904250001
5634,S0119,SPVP001 Etiwanda Rooftop Solar (Merged with S0191),1,Southern California Edison (SCE),San Bernardino,0,1,SUN,11/1/2008 12:00:00 AM,0,-117.517024557,34.08141284
5635,S9167,SPVP012 Ontario (retired 12/31/2023),1,Southern California Edison (SCE),San Bernardino,0,1,SUN,1/1/2011 12:00:00 AM,0,-117.561861166,34.0420501770001
5636,E0206,MN Milliken Genco LLC (Retired 2014),1,OPAL Fuels,San Bernardino,0,"1, 2",LFG,7/1/2003 12:00:00 AM,0,-117.558669132,34.0364916
5637,E0209,MN Mid Valley Genco LLC (retired 12/31/2016),1,OPAL Fuels,San Bernardino,0,"1, 2",LFG,6/1/2003 12:00:00 AM,0,-117.42733605,34.142523501
5638,G0280,Ontario Mill (New-Indy Containerboard),0,New-Indy Ontario LLC,San Bernardino,32,"GEN1, North, South",NG,6/1/1985 12:00:00 AM,0,-117.54035882,34.0453968620001
5639,G0201,Etiwanda Generating Station (Retired 6/1/2018),1,NRG California South LP,San Bernardino,0,"UNIT 1, UNIT 2, UNIT 3, UNIT 4, UNIT 5",NG,7/10/1953 12:00:00 AM,0,-117.527171544,34.090994648
5640,S9414,Champagne Solar PV,0,Sacramento PV Energy LLC,San Bernardino,1.23,1,SUN,1/3/2014 12:00:00 AM,0,-117.5308103,34.0446557130001
5641,W0397,IEUA,0,Foundation Windpower,San Bernardino,1,WPRS 1,WND,6/1/2011 12:00:00 AM,0,-117.526442458,34.084939639
5642,G0911,Agua Mansa Power Plant,0,Noresco El Colton LLC,San Bernardino,60.5,Unit 1,NG,5/18/2003 12:00:00 AM,0,-117.360452023,34.041617107
5643,H0372,Ontario 1,0,Southern California Edison (SCE),San Bernardino,0.6,1,WAT,12/1/1902 12:00:00 AM,0,-117.256774303,34.084363056
5644,H0373,Ontario 2,0,Southern California Edison (SCE),San Bernardino,0.32,1,WAT,6/1/1963 12:00:00 AM,0,-117.251821224,34.0855441590001
5645,G0523,Mountainview Power - Retired December 2005,1,Southern California Edison (SCE),San Bernardino,0,"MV 1, MV 2",NG,7/1/1957 12:00:00 AM,0,-117.240713027,34.081985327
5646,S0158,SPVP005 Redlands (retired 12/31/2023),1,Southern California Edison (SCE),San Bernardino,0,1,SUN,8/1/2011 12:00:00 AM,0,-117.231104021,34.0863175920001
5647,S0185,SPVP007 Redlands (retired 12/31/2023),1,Southern California Edison (SCE),San Bernardino,0,1,SUN,12/29/2010 12:00:00 AM,0,-117.228082494,34.0863644410001
5648,S0189,SPVP011 Redlands RDC 4 (retired 12/31/2023),1,Southern California Edison (SCE),San Bernardino,0,1,SUN,10/10/2011 12:00:00 AM,0,-117.241007359,34.076027803
5649,S0190,SPVP013 Redlands (retired 12/31/2023),1,Southern California Edison (SCE),San Bernardino,0,1,SUN,9/15/2011 12:00:00 AM,0,-117.234812013,34.083533994
5650,S0192,SPVP016 Redlands (retired 12/31/2023),1,Southern California Edison (SCE),San Bernardino,0,1,SUN,5/18/2011 12:00:00 AM,0,-117.234213995,34.0857074890001
5651,S0195,SPVP022 Redlands (retired 12/31/2023),1,Southern California Edison (SCE),San Bernardino,0,1,SUN,11/15/2010 12:00:00 AM,0,-117.213436946,34.0800034430001
5652,S0198,SPVP028 San Bernardino (Vista 28) (retired 12/31/2023),1,Southern California Edison (SCE),San Bernardino,0,1,SUN,12/20/2011 12:00:00 AM,0,-117.274328812,34.0948351480001
5653,S0322,SPVP048 Redlands (retired 12/31/2023),1,Southern California Edison (SCE),San Bernardino,0,1,SUN,8/12/2014 12:00:00 AM,0,-117.228079053,34.0826554060001
5654,S0361,Patton State Hospital II ,0,Not Available,San Bernardino,0.99,1,SUN,7/3/2012 12:00:00 AM,0,-117.214588944,34.1424341470001
5655,S0370,Kohl's - San Bernardino - Mill,0,EDP Renewables North America LLC,San Bernardino,1,1,SUN,11/28/2007 12:00:00 AM,0,-117.266770322,34.094878179
5656,S0377,Kohl's - San Bernardino - Central,0,Silicon Ranch Corporation,San Bernardino,1,1,SUN,8/24/2012 12:00:00 AM,0,-117.267019891,34.0853609980001
5657,S0451,SunE - San Bernardino,0,Not Available,San Bernardino,1.9,Unit 1,SUN,10/16/2015 12:00:00 AM,0,-117.247683793,34.1003757920001
5658,S0452,SunE - Redlands,0,Not Available,San Bernardino,1.83,Unit 1,SUN,10/16/2015 12:00:00 AM,0,-117.229481936,34.076201466
5659,S9153,Loma Linda VA Health Care System,0,Not Available,San Bernardino,2.83,"1, 2",SUN,1/1/2011 12:00:00 AM,0,-117.25018806,34.050146007
5660,E0204,MN Colton Genco LLC (Retired 2013),1,OPAL Fuels,San Bernardino,0,1,LFG,4/1/2004 12:00:00 AM,0,-117.340219529,34.04734318
5661,G0317,Loma Linda University Cogeneration,0,Loma Linda University,San Bernardino,10.4,"GEN1, GEN2, GEN3",NG,2/1/1980 12:00:00 AM,0,-117.26269568,34.051275043
5662,G0259,Riverside Canal Power (Retired 12/31/2004),1,Riverside Canal Power Co Inc,San Bernardino,0,"RC 1, RC 2, RC 3, RC 4",NG,7/1/1952 12:00:00 AM,0,-117.33142799,34.023024149
5663,G0795,Mountainview Generating Station,0,Southern California Edison (SCE),San Bernardino,1110,"Unit 3, Unit 4",NG,12/10/2005 12:00:00 AM,1,-117.241913263,34.081723154
5664,G0821,Alliance Drews (Agua Mansa Colton),0,San Joaquin Energy,San Bernardino,45.56,"D1, D2, D3, D4",NG,8/1/2001 12:00:00 AM,1,-117.353776034,34.0606801010001
5665,G0842,Alliance Century,0,San Joaquin Energy,San Bernardino,45.56,"Unit 1, Unit 2, Unit 3, Unit 4",NG,9/1/2001 12:00:00 AM,1,-117.307229354,34.0598475350001
5666,H0331,Mill Creek 1,0,Southern California Edison (SCE),San Bernardino,0.8,1,WAT,1/17/1935 12:00:00 AM,0,-117.077306876,34.0739809780001
5667,H0332,Mill Creek 2,0,Southern California Edison (SCE),San Bernardino,0.25,1,WAT,8/1/1904 12:00:00 AM,0,-117.06843193,34.077257425
5668,H0333,Mill Creek 3,0,Southern California Edison (SCE),San Bernardino,3,"3, 4, 5",WAT,3/1/1903 12:00:00 AM,0,-117.039433181,34.0879847520001
5669,H0462,Santa Ana 3,0,Southern California Edison (SCE),San Bernardino,3.1,1,WAT,4/1/1947 12:00:00 AM,0,-117.099067388,34.107591756
5670,E0210,RCWMD Badlands Power Plant,1,Stewart & Stevenson Services,Riverside,0,1,LFG,2/1/2001 12:00:00 AM,0,-117.121494658,33.9550692560001
5671,H0445,San Gorgonio 1,1,Southern California Edison (SCE),Riverside,0,1,WAT,12/1/1923 12:00:00 AM,0,-116.894900272,34.018565278
5672,S0169,Coronus Yucca Valley East 1,0,Belectric Inc,San Bernardino,1.5,Unit 1,SUN,7/15/2013 12:00:00 AM,0,-116.370246517,34.1235559720001
5673,S0170,Coronus Yucca Valley East 2,0,Belectric Inc,San Bernardino,1.5,Unit 1,SUN,7/15/2013 12:00:00 AM,0,-116.370433773,34.1235492170001
5674,S0171,Coronus Yucca Valley East 3,0,Belectric Inc,San Bernardino,1.5,Unit 1,SUN,7/15/2014 12:00:00 AM,0,-116.37022157,34.122971674
5675,S0172,Coronus Joshua Tree East 1,0,Belectric Inc,San Bernardino,1.5,Unit 1,SUN,7/15/2013 12:00:00 AM,0,-116.224496671,34.1341392410001
5676,S0173,Coronus Joshua Tree East 2,0,Belectric Inc,San Bernardino,1.5,Unit 1,SUN,7/15/2013 12:00:00 AM,0,-116.224358595,34.1341363060001
5677,S0174,Coronus Joshua Tree East 3,0,Belectric Inc,San Bernardino,1.5,Unit 1,SUN,7/15/2013 12:00:00 AM,0,-116.22422038,34.1341404340001
5678,G0658,Centaur Generator Facility (Shut Down 8/1/08),1,Vintage Petroleum Inc,Ventura,0,HG88583,NG,12/1/1988 12:00:00 AM,0,-119.365038166,34.318667442
5679,G1041,McGrath Peaker,0,Southern California Edison (SCE),Ventura,49,1,NG,11/1/2012 12:00:00 AM,0,-119.247657766,34.2056331150001
5680,S0368,Procter & Gamble - Oxnard,0,EDP Renewables North America LLC,Ventura,1,1,SUN,9/25/2009 12:00:00 AM,0,-119.134403909,34.209705544
5681,S0450,SunE - Oxnard,0,Not Available,Ventura,2.7,Unit 1,SUN,10/16/2015 12:00:00 AM,0,-119.164120467,34.1925572110001
5682,E0125,Oxnard - Closed December 2009,1,Pacific Recovery Corp,Ventura,0,"1, 1-3, 2, 3",LFG,12/1/1985 12:00:00 AM,0,-119.211469314,34.2332999160001
5683,G0180,EF Oxnard  Inc.,0,EF Oxnard Inc,Ventura,48.5,Unit 1,NG,6/1/1990 12:00:00 AM,0,-119.166478084,34.195878479
5684,G0330,Mandalay Generating Station (Retired 2/6/2018),1,GenOn Holdings Inc.,Ventura,0,"UNIT 1, UNIT 2, UNIT 3",NG,5/1/1959 12:00:00 AM,0,-119.25084038,34.206548437
5685,G0468,The Procter & Gamble Paper Products Co.,0,Procter & Gamble Paper Products Company,Ventura,69.8,"1, 2",NG,3/1/1982 12:00:00 AM,0,-119.140569674,34.209732495
5686,G1046,Glass House Camarillo,0,Glass House Camarillo,Ventura,13.05,"1, 2, 3",NG,9/1/2012 12:00:00 AM,0,-119.082857947,34.178149434
5687,H0076,Springville Reservoir,0,Calleguas Municipal Water District,Ventura,1,1,WAT,1/1/1994 12:00:00 AM,0,-119.069113305,34.21301465
5688,G0403,CI Power Cogeneration Plant (OLS Camarillo),0,CI Power Cogeneration Plant,Ventura,31.2,"Unit GTG, Unit STG",NG,4/1/1987 12:00:00 AM,0,-119.047880126,34.1620870680001
5689,E0227,Calabasas Gas-to-Energy Facility,0,Sanitation Districts of Los Angeles County,Los Angeles,13.8,"Gen-1, Gen-2, Gen-3",LFG,7/12/2010 12:00:00 AM,0,-118.721140333,34.147766254
5690,E0208,Simi Valley Landfill (Retired 9/30/2016),1,WM Energy Solutions Inc,Ventura,0,"1, 2",LFG,12/1/2004 12:00:00 AM,0,-118.801857281,34.2918343000001
5691,H0078,East Portal Generator,0,Calleguas Municipal Water District,Los Angeles,1.25,4022,WAT,1/1/1984 12:00:00 AM,0,-118.624035521,34.262032946
5692,S0181,Pierce College LACCD,0,Los Angeles Community College District,Los Angeles,2.1,3_SIPs,SUN,10/19/2010 12:00:00 AM,0,-118.574683386,34.183761309
5693,S0219,LAPC Carport Shade Structures (Los Angeles Pierce College),0,Los Angeles Community College District,Los Angeles,2.09,"1, 2",SUN,8/19/2010 12:00:00 AM,0,-118.582339252,34.185551864
5694,S9158,Los Angeles Community College District,0,Not Available,Los Angeles,2.28,1,SUN,1/1/2013 12:00:00 AM,0,-118.58007072,34.183277527
5695,G0899,Olive View Medical Center,0,LA County ISD (Health Services),Los Angeles,5.78,"GTU #1, GTU #2",NG,7/1/1985 12:00:00 AM,0,-118.44394058,34.3263927720001
5696,H0189,Foothill,0,Los Angeles Department of Water & Power (LADWP),Los Angeles,9.9,Unit 1,WAT,10/6/1971 12:00:00 AM,0,-118.494368392,34.318191567
5697,H0211,Greg Avenue (Retired 3/6/2019),1,Metropolitan Water District,Los Angeles,0,1,WAT,9/1/1979 12:00:00 AM,0,-118.351526096,34.208060055
5698,H0438,San Fernando,0,Los Angeles Department of Water & Power (LADWP),Los Angeles,6.4,"Unit 1, Unit 2",WAT,10/22/1922 12:00:00 AM,0,-118.385533315,34.2605700400001
5699,H0616,North Hollywood Pumping Plant (retired 7/2024),1,Los Angeles Department of Water & Power (LADWP),Los Angeles,0,Unit 1,WAT,1/1/1993 12:00:00 AM,0,-118.390835121,34.194486849
5700,S9155,Sepulveda Ambulatory Care Center,0,Not Available,Los Angeles,4,1,SUN,1/1/2012 12:00:00 AM,0,-118.477654435,34.243890241
5701,E0153,Bradley Landfill (Retired 12/20/2015),1,Los Angeles Department of Water & Power (LADWP),Los Angeles,0,1,LFG,1/1/2001 12:00:00 AM,0,-118.380523431,34.2418706460001
5702,E0168,MM Lopez Energy LLC,0,OPAL Fuels,Los Angeles,3.05,"GEN 1, GEN 2",LFG,1/1/1999 12:00:00 AM,0,-118.389561162,34.2926083770001
5703,E0142,Penrose Landfill - Retired December 2005,1,SCS Energy,Los Angeles,0,"1, 2, 3, 4, 5, G1, G2, G3, G4, G5",LFG,12/1/1985 12:00:00 AM,0,-118.379818639,34.2213535120001
5704,E0258,Sunshine Gas Producers Renewable Energy Project,0,Archaea Energy Inc.,Los Angeles,23,"1, 2, 3, 4, 5",LFG,9/1/2014 12:00:00 AM,0,-118.519180569,34.335676489
5705,G0648,Valley Generating Station,0,Los Angeles Department of Water & Power (LADWP),Los Angeles,681.96,"Unit #1, Unit #2, Unit #3, Unit #4, Unit #5, Unit #6, Unit #7, Unit #8",NG,1/1/1954 12:00:00 AM,0,-118.390890192,34.2446643540001
5706,E0143,Toyon Landfill Gas Conversion LLC (Indef Shutdown 6/2015),0,SCS Energy,Los Angeles,3.76,"1, 2, 3, 4, 5, G1, G2",LFG,12/1/1985 12:00:00 AM,0,-118.304913784,34.1462946460001
5707,G0063,Lake 1,0,Burbank Water and Power,Los Angeles,60.5,Lake 1,NG,6/22/2002 12:00:00 AM,0,-118.314749388,34.1773625430001
5708,G0236,Grayson,0,City of Glendale,Los Angeles,49,"1, 2, 3, 4, 5, 6, 7, 8-A, 8-B/C, 9",NG,4/15/1941 12:00:00 AM,0,-118.278872943,34.155431637
5709,G0329,Magnolia,0,Burbank Water and Power,Los Angeles,387.6,"4 - 5, GT, ST",NG,9/1/1953 12:00:00 AM,1,-118.314218011,34.178296604
5710,G0410,Olive,0,Burbank Water and Power,Los Angeles,109.8,"Olive 1, Olive 2, Olive 3, Olive 4",NG,1/1/1958 12:00:00 AM,0,-118.314422098,34.1768698380001
5711,G0762,St Luke Medical Center,1,St Luke Medical Center,Los Angeles,0,1,NG,1/1/1984 12:00:00 AM,0,-118.095134403,34.168500653
5712,H0014,Azusa,0,City of Pasadena,Los Angeles,3,1,WAT,2/1/1949 12:00:00 AM,0,-117.908366543,34.1550114510001
5713,H0442,San Gabriel Hydroelectric Project,0,LA County Dept of Public Works,Los Angeles,4.98,"U1, U2",WAT,12/1/1987 12:00:00 AM,0,-117.855697489,34.204311068
5714,H0479,Sierra,0,Southern California Edison (SCE),San Bernardino,0.48,"1, 2",WAT,1/1/1922 12:00:00 AM,0,-117.683959696,34.155401866
5715,H0187,Fontana,0,Southern California Edison (SCE),San Bernardino,1.9,1,WAT,12/1/1917 12:00:00 AM,0,-117.397302733,34.1552806890001
5716,H0298,Lytle Creek,0,Southern California Edison (SCE),San Bernardino,0.5,1,WAT,7/21/1947 12:00:00 AM,0,-117.486326812,34.2316234670001
5717,G1048,California State - San Bernardino Fuel Cell Unit (retired 6/30/2023),1,Southern California Edison (SCE),San Bernardino,0,1,NG,7/13/2013 12:00:00 AM,0,-117.324027324,34.185915434
5718,H0137,Devil Canyon,0,California Department of Water Resources,San Bernardino,276.46,"1, 2, 3, 4",WAT,12/1/1972 12:00:00 AM,0,-117.334610981,34.205611075
5719,H0337,Mojave Siphon,0,California Department of Water Resources,San Bernardino,32.79,"1, 2, 3",WAT,8/1/1996 12:00:00 AM,0,-117.323131135,34.307759235
5720,H0460,Santa Ana 1,0,Southern California Edison (SCE),San Bernardino,3.2,"1, 2, 3, 4",WAT,1/1/1899 12:00:00 AM,0,-117.05867378,34.145488205
5721,G0930,Bear Valley Power Plant,0,Golden State Water Company (BVES),San Bernardino,8.4,"1, 2, 3, 4, 5, 6, 7",NG,1/1/2005 12:00:00 AM,0,-116.885303623,34.246724596
5722,G1074,Big Bear Area Regional Wastewater Agency,0,Big Bear Area Regional Wastewater Agency,San Bernardino,1.1,"Cummins 1, Cummins 2, Waukesha",NG,7/15/2003 12:00:00 AM,0,-116.815539365,34.2700308820001
5723,S0164,SEPV 2 (Gestamp - GASNA),0,X-Elio North America Inc.,San Bernardino,2,1,SUN,6/1/2012 12:00:00 AM,0,-116.153274382,34.174678242
5724,S0165,Coronus 29-Palms North 1,0,Belectric Inc,San Bernardino,1.5,Unit 1,SUN,1/15/2014 12:00:00 AM,0,-116.072110238,34.1760928580001
5725,S0166,Coronus 29-Palms North 2,0,Belectric Inc,San Bernardino,1.5,Unit 1,SUN,1/15/2014 12:00:00 AM,0,-116.072111688,34.1761717370001
5726,S0167,Coronus 29-Palms North 3,0,Belectric Inc,San Bernardino,1.5,Unit 1,SUN,1/15/2014 12:00:00 AM,0,-116.072100854,34.1760135070001
5727,S0289,Cascade Solar PV,0,Longroad Energy,San Bernardino,18.5,1,SUN,3/19/2014 12:00:00 AM,0,-116.236566169,34.165711822
5728,S9409,Highlander Solar 1 (SEPV8),0,Deriva Energy,San Bernardino,12,SEPV8,SUN,6/12/2013 12:00:00 AM,0,-116.152698412,34.1706074320001
5729,S9410,Highlander Solar 2 (SEPV9),0,Deriva Energy,San Bernardino,9,SEPV9,SUN,6/11/2013 12:00:00 AM,0,-116.092121394,34.191444716
5730,H0381,Parker,0,United States Bureau of Reclamation,San Bernardino,120,"UNIT 1, UNIT 2, UNIT 3, UNIT 4",WAT,12/1/1942 12:00:00 AM,0,-114.140267917,34.2953213920001
5731,G0453,Point Arguello Pipeline Co.(Gaviota) (Retired 12/31/2019),1,Freeport-McMoRan Oil & Gas,Santa Barbara,0,"GENA, GENB, GENC, GEND, GENE",NG,12/1/1987 12:00:00 AM,0,-120.205105444,34.475207664
5732,E0095,MM Tajiguas Energy LLC,1,OPAL Fuels,Santa Barbara,0,Unit 1,LFG,8/1/2000 12:00:00 AM,0,-120.128295991,34.477125232
5733,G0202,Sable Offshore Corp Las Flores Canyon,0,Sable Offshore Corp,Santa Barbara,49.8,"ZAN-2501, ZAN-2507",NG,9/15/1993 12:00:00 AM,0,-120.04234496,34.4835874560001
5734,G0195,Ellwood Generating Station,0,GenOn Holdings Inc.,Santa Barbara,56.7,UNIT 1,NG,8/1/1974 12:00:00 AM,0,-119.899981532,34.4313876200001
5735,G0578,UCSB Fuel Cell,0,Southern California Edison (SCE),Santa Barbara,0.2,1,NG,8/10/2012 12:00:00 AM,0,-119.842764298,34.415452687
5736,G0643,Rincon Facility (Retired 12/31/2005),1,Dos Cuadras Offshore Resources LLC,Ventura,0,GEN1,NG,3/1/1992 12:00:00 AM,0,-119.422797298,34.3555118460001
5737,E0256,Toland Road Landfill (Ventura) (Retired 6/1/2019),1,Ventura Regional Sanitation District,Ventura,0,1,LFG,7/1/2009 12:00:00 AM,0,-118.997903951,34.4007967740001
5738,H0533,Santa Felicia,0,United Water Conservation District,Ventura,1.42,"UNIT 1, UNIT 2",WAT,6/1/1987 12:00:00 AM,0,-118.752409433,34.4595636060001
5739,H0188,Foothill Feeder,0,Metropolitan Water District,Los Angeles,9.04,"1, 2",WAT,4/1/1981 12:00:00 AM,0,-118.609237304,34.514732592
5740,H0440,San Francisquito 2,0,Los Angeles Department of Water & Power (LADWP),Los Angeles,46,"Unit 1, Unit 2, Unit 3",WAT,9/1/1912 12:00:00 AM,0,-118.525045395,34.534356476
5741,E0250,Ameresco Chiquita Energy,0,Ameresco Inc,Los Angeles,9.2,"Unit 1, Unit 2",LFG,11/23/2010 12:00:00 AM,0,-118.644358099,34.430293383
5742,G0157,"Pitchess Cogeneration Station (Retired November 2, 2018)",1,LA County ISD (Sheriff Department),Los Angeles,0,"CTG, STG",NG,7/31/1987 12:00:00 AM,0,-118.593544274,34.4637093630001
5743,G0032,Berry Placerita Cogen,0,Shadow Wolf Energy,Los Angeles,42.8,"Cogen 42, Cogen 42-2",NG,3/1/1990 12:00:00 AM,0,-118.494873005,34.3840841570001
5744,G0006,CES Placerita Inc.  (CESP) - Retired December 2010,1,Clean Energy Systems Inc,Los Angeles,0,"UNIT 1, UNIT 2, UNIT 3",NG,6/1/1988 12:00:00 AM,0,-118.500456756,34.3814881490001
5745,S0543,Pearblossom Solar,0,SunPower Capital Services,Los Angeles,9.5,M1340,SUN,12/29/2016 12:00:00 AM,0,-117.916271058,34.512702588
5746,S0279,RE Victor Phelan Solar One,0,MN8 Energy,San Bernardino,17.5,1,SUN,12/6/2013 12:00:00 AM,0,-117.47484156,34.512425067
5747,S0351,Snowline - Duncan Road (North),0,Not Available,San Bernardino,1.5,1,SUN,10/2/2014 12:00:00 AM,0,-117.562233079,34.473176493
5748,S0352,Snowline - Duncan Road (South),0,Not Available,San Bernardino,1,1,SUN,10/2/2014 12:00:00 AM,0,-117.563587026,34.4745777100001
5749,S0353,Snowline - White Road (North),0,Not Available,San Bernardino,1.5,1,SUN,11/25/2014 12:00:00 AM,0,-117.469708046,34.4174936110001
5750,S0354,Snowline - White Road (South),0,Not Available,San Bernardino,1.5,1,SUN,10/2/2014 12:00:00 AM,0,-117.469644395,34.4147504270001
5751,S0355,Snowline - White Road (Central),0,Not Available,San Bernardino,1.5,1,SUN,11/25/2014 12:00:00 AM,0,-117.469525119,34.4126459240001
5752,S0417,Victor Dry Farm Ranch A,0,S-Power (Sustainable Power Group),San Bernardino,5,VDFRA,SUN,6/8/2015 12:00:00 AM,0,-117.469890199,34.4979335730001
5753,S0418,Victor Dry Farm Ranch B,0,S-Power (Sustainable Power Group),San Bernardino,5,VDFRB,SUN,6/8/2015 12:00:00 AM,0,-117.472327854,34.49785996
5754,S0419,Victor Mesa Linda D2,0,S-Power (Sustainable Power Group),San Bernardino,1.5,VMLD2,SUN,11/1/2014 12:00:00 AM,0,-117.386984771,34.5094348920001
5755,S0420,Victor Mesa Linda E2,0,S-Power (Sustainable Power Group),San Bernardino,1.5,VMLE2,SUN,11/1/2014 12:00:00 AM,0,-117.387536667,34.508790569
5756,S9274,Victor Mesa Linda B2,0,S-Power (Sustainable Power Group),San Bernardino,1.5,Unit 1,SUN,12/31/2013 12:00:00 AM,0,-117.387843474,34.5134347630001
5757,S9285,Victor Mesa Linda C2,0,S-Power (Sustainable Power Group),San Bernardino,1.5,Unit 1,SUN,11/10/2014 12:00:00 AM,0,-117.38682634,34.511842911
5758,S0168,SunEdison Hesperia Solar PV,0,Not Available,San Bernardino,1.5,1,SUN,8/4/2014 12:00:00 AM,0,-117.376956154,34.434491425
5759,S0360,SolFocus - Victor Valley Community College,0,Not Available,San Bernardino,1.25,1,SUN,6/30/2010 12:00:00 AM,0,-117.257358129,34.4801202510001
5760,S9281,Powhatan Solar Power Generation Station 1,0,S-Power (Sustainable Power Group),San Bernardino,1.5,Unit 1,SUN,12/1/2013 12:00:00 AM,0,-117.144126277,34.496645818
5761,S9283,Drew Energy  LLC,0,Not Available,San Bernardino,1,Unit 1,SUN,12/31/2014 12:00:00 AM,0,-117.153945126,34.5095098400001
5762,S0328,Lone Valley Solar Park 1,0,EDP Renewables North America LLC,San Bernardino,10,1,SUN,10/1/2014 12:00:00 AM,0,-116.865851872,34.3970296000001
5763,S0329,Lone Valley Solar Park 2,0,EDP Renewables North America LLC,San Bernardino,20,2,SUN,10/1/2014 12:00:00 AM,0,-116.862488019,34.4083280240001
5764,H0567,William E. Warne,0,California Department of Water Resources,Los Angeles,74.3,"1, 2",WAT,11/1/1982 12:00:00 AM,0,-118.788185224,34.6851876330001
5765,H0039,Castaic Efficiency (Small Hydro),0,Los Angeles Department of Water & Power (LADWP),Los Angeles,9,Unit 1,WAT,10/1/1978 12:00:00 AM,0,-118.656335107,34.586758279
5766,H0090,Castaic (Pumped Storage),0,Los Angeles Department of Water & Power (LADWP),Los Angeles,1331,"Unit #1, Unit #2, Unit #3, Unit #4, Unit #5, Unit #6, Unit #7",WAT,2/1/1972 12:00:00 AM,0,-118.656599817,34.5874314500001
5767,H0441,San Francisquito 1,0,Los Angeles Department of Water & Power (LADWP),Los Angeles,69.38,"Unit #1A, Unit #3, Unit #4, Unit #5A",WAT,5/1/1917 12:00:00 AM,0,-118.454699565,34.590169287
5768,S0239,TA High Desert Antelope Power Plant,0,Clearway Energy,Los Angeles,20,1,SUN,3/25/2013 12:00:00 AM,0,-118.304709747,34.7088840760001
5769,S0261,Radiance Solar 4,0,QE - Foresight Group US,Los Angeles,1.5,1,SUN,7/1/2013 12:00:00 AM,0,-118.288315932,34.666176319
5770,S0262,Radiance Solar 5,0,QE - Foresight Group US,Los Angeles,1.5,1,SUN,7/1/2013 12:00:00 AM,0,-118.287005451,34.6646456280001
5771,S0271,Western Antelope Blue Sky Ranch A ,0,Sustainable Power,Los Angeles,20,1,SUN,11/1/2014 12:00:00 AM,0,-118.329969001,34.686546847
5772,S0318,West Antelope Solar Park,0,Onward Energy,Los Angeles,20,1,SUN,11/10/2014 12:00:00 AM,0,-118.327813305,34.693482073
5773,S0356,CA State Prison LA County (CSPL),0,Silicon Ranch Corporation,Los Angeles,2,1,SUN,12/19/2012 12:00:00 AM,0,-118.234247268,34.6945803140001
5774,S0432,Sierra Solar Greenworks LLC,0,S-Power (Sustainable Power Group),Los Angeles,20,Unit 1,SUN,11/1/2015 12:00:00 AM,0,-118.333830486,34.7030126020001
5775,S0548,Antelope Big Sky Ranch,0,S-Power (Sustainable Power Group),Los Angeles,20,Unit 1,SUN,8/19/2016 12:00:00 AM,0,-118.287237522,34.6914719930001
5776,S0549,Central Antelope Dry Ranch C,0,S-Power (Sustainable Power Group),Los Angeles,20,Unit 1,SUN,5/6/2016 12:00:00 AM,0,-118.228651902,34.7005966880001
5777,S0552,Antelope DSR 1 - Big Sky Solar 1,0,S-Power (Sustainable Power Group),Los Angeles,50,Unit 1,SUN,12/20/2016 12:00:00 AM,0,-118.285581707,34.656085595
5778,S0553,Antelope DSR 2 - Big Sky Solar 2,0,S-Power (Sustainable Power Group),Los Angeles,5,Unit 1,SUN,12/20/2016 12:00:00 AM,0,-118.313308984,34.659655156
5779,S0556,Elevation Solar C,0,S-Power (Sustainable Power Group),Los Angeles,40,Unit 1,SUN,12/2/2016 12:00:00 AM,0,-118.303378619,34.726918154
5780,S0558,Solverde 1,0,S-Power (Sustainable Power Group),Los Angeles,85,Unit 1,SUN,12/20/2016 12:00:00 AM,0,-118.293618831,34.661296672
5781,S0559,Summer Solar,0,S-Power (Sustainable Power Group),Los Angeles,20,Unit 1,SUN,7/25/2016 12:00:00 AM,0,-118.312748915,34.7156817600001
5782,S0560,North Lancaster Ranch,0,S-Power (Sustainable Power Group),Los Angeles,20,Unit 1,SUN,12/31/2016 12:00:00 AM,0,-118.312628904,34.727041204
5783,S0568,Western Antelope Blue Sky Ranch B,0,S-Power (Sustainable Power Group),Los Angeles,20,Unit 1,SUN,12/2/2016 12:00:00 AM,0,-118.312843264,34.687235533
5784,S0592,Lancaster B,0,Not Available,Los Angeles,3,Unit 1,SUN,4/22/2017 12:00:00 AM,0,-118.305593873,34.716855219
5785,S0597,"Portal Ridge B, LLC",0,D. E. Shaw,Los Angeles,20,PRB,SUN,2/15/2017 12:00:00 AM,0,-118.28151817,34.7175010820001
5786,S0598,"Portal Ridge C, LLC",0,D. E. Shaw,Los Angeles,11.4,PRC,SUN,4/21/2017 12:00:00 AM,0,-118.305194871,34.7126991600001
5787,S0613,Bayshore Solar B,0,S-Power (Sustainable Power Group),Los Angeles,20,Unit 1,SUN,12/20/2017 12:00:00 AM,0,-118.314075185,34.6782999770001
5788,S0614,Bayshore Solar C,0,S-Power (Sustainable Power Group),Los Angeles,20,Unit 1,SUN,12/20/2017 12:00:00 AM,0,-118.314182011,34.681337919
5789,S0615,Bayshore Solar A,0,S-Power (Sustainable Power Group),Los Angeles,20,Unit 1,SUN,12/20/2017 12:00:00 AM,0,-118.298337752,34.6678126150001
5790,S0627,Rite Aid - Lancaster,0,Tesla Inc.,Los Angeles,1.1,9352376-CA,SUN,3/16/2015 12:00:00 AM,0,-118.18151976,34.72443732
5791,S0645,Antelope Valley Lancaster Solar 1 (Avenue F),0,Tesla Inc.,Los Angeles,3.8,Unit 1,SUN,8/25/2017 12:00:00 AM,0,-118.18771848,34.6916089850001
5792,S0669,Delsur Solar,0,Not Available,Los Angeles,10,Unit 1,SUN,3/16/2016 12:00:00 AM,0,-118.30889494,34.7206143350001
5793,S0694,Antelope DSR 3,0,S-Power (Sustainable Power Group),Los Angeles,20,Unit 1,SUN,9/26/2019 12:00:00 AM,0,-118.299861119,34.73354497
5794,S9210,Abby Power  LLC,0,Not Available,Los Angeles,1.5,Unit 1,SUN,12/31/2014 12:00:00 AM,0,-118.201818365,34.7000155710001
5795,S9211,Amy Solar  LLC,0,Not Available,Los Angeles,1.5,Unit 1,SUN,12/31/2014 12:00:00 AM,0,-118.201818365,34.7000155710001
5796,S9213,Ayden Power  LLC,0,Not Available,Los Angeles,1.5,Unit 1,SUN,12/31/2014 12:00:00 AM,0,-118.201818365,34.7000155710001
5797,S9215,Carly Solar  LLC,0,Not Available,Los Angeles,1,Unit 1,SUN,12/31/2014 12:00:00 AM,0,-118.201818365,34.7000155710001
5798,S9217,CSC Solar I  LLC,0,Not Available,Los Angeles,1.5,Unit 1,SUN,12/31/2014 12:00:00 AM,0,-118.201818365,34.7000155710001
5799,S9218,CSC Solar II  LLC,0,Not Available,Los Angeles,1,Unit 1,SUN,12/31/2014 12:00:00 AM,0,-118.201818365,34.7000155710001
5800,S9219,CSC Solar  LLC,0,Not Available,Los Angeles,1.5,Unit 1,SUN,12/31/2014 12:00:00 AM,0,-118.201818365,34.7000155710001
5801,S9220,D2 Solar 1  LLC,0,Not Available,Los Angeles,1.5,Unit 1,SUN,12/31/2014 12:00:00 AM,0,-118.201818365,34.7000155710001
5802,S9221,D2 Solar 2  LLC,0,Not Available,Los Angeles,1.5,Unit 1,SUN,12/31/2014 12:00:00 AM,0,-118.201818365,34.7000155710001
5803,S9223,DT Solar 1  LLC,0,Not Available,Los Angeles,1.5,Unit 1,SUN,12/31/2014 12:00:00 AM,0,-118.201818365,34.7000155710001
5804,S9224,DT Solar 2  LLC,0,Not Available,Los Angeles,1.5,Unit 1,SUN,12/31/2014 12:00:00 AM,0,-118.201818365,34.7000155710001
5805,S9225,DT Solar 3  LLC,0,Not Available,Los Angeles,1,Unit 1,SUN,12/31/2014 12:00:00 AM,0,-118.201818365,34.7000155710001
5806,S9226,Erika Solar  LLC,0,Not Available,Los Angeles,1.5,Unit 1,SUN,12/31/2014 12:00:00 AM,0,-118.174950967,34.593735596
5807,S9230,Kell Solar 1  LLC,0,Not Available,Los Angeles,1,Unit 1,SUN,12/31/2014 12:00:00 AM,0,-118.201818365,34.7000155710001
5808,S9231,Kell Solar 2  LLC,0,Not Available,Los Angeles,1,Unit 1,SUN,12/31/2014 12:00:00 AM,0,-118.201818365,34.7000155710001
5809,S9232,Lancaster Del Sur Ranch C2 LLC,0,Not Available,Los Angeles,1.5,Unit 1,SUN,12/31/2014 12:00:00 AM,0,-118.201818365,34.7000155710001
5810,S9237,Lola Energy 1  LLC,0,Not Available,Los Angeles,1,Unit 1,SUN,12/31/2014 12:00:00 AM,0,-118.18187214,34.7249874440001
5811,S9238,Lola Energy 2  LLC,0,Not Available,Los Angeles,1,Unit 1,SUN,12/31/2014 12:00:00 AM,0,-118.180892413,34.7249874450001
5812,S9239,Niner Energy 1 LLC,0,Not Available,Los Angeles,1.5,Unit 1,SUN,12/31/2014 12:00:00 AM,0,-118.17145438,34.585544381
5813,S9240,Niner Energy 2 LLC,0,Not Available,Los Angeles,1.5,Unit 1,SUN,12/31/2014 12:00:00 AM,0,-118.17145438,34.585544381
5814,S9241,Niner Energy 3 LLC,0,Not Available,Los Angeles,1,Unit 1,SUN,12/31/2014 12:00:00 AM,0,-118.17145438,34.585544381
5815,S9242,Rodeo Solar A2 LLC,0,Not Available,Los Angeles,1.5,Unit 1,SUN,12/31/2014 12:00:00 AM,0,-118.290594703,34.7140631770001
5816,S9243,Rodeo Solar B2 LLC,0,Not Available,Los Angeles,1.5,Unit 1,SUN,12/31/2014 12:00:00 AM,0,-118.293155273,34.712273124
5817,S9244,Rodeo Solar C2 LLC,0,S-Power (Sustainable Power Group),Los Angeles,1.5,Unit 1,SUN,6/6/2014 12:00:00 AM,0,-118.292039036,34.712279693
5818,S9245,Rodeo Solar D2 LLC,0,S-Power (Sustainable Power Group),Los Angeles,1.5,Unit 1,SUN,6/6/2014 12:00:00 AM,0,-118.290590436,34.712318441
5819,S9246,Sandra Energy  LLC,0,Not Available,Los Angeles,1.5,Unit 1,SUN,12/31/2014 12:00:00 AM,0,-118.274154753,34.708884074
5820,S9247,Summer Solar A2 LLC,0,S-Power (Sustainable Power Group),Los Angeles,1.5,Unit 1,SUN,6/26/2014 12:00:00 AM,0,-118.296537147,34.731628997
5821,S9248,Summer Solar B2 LLC,0,S-Power (Sustainable Power Group),Los Angeles,1.5,Unit 1,SUN,6/26/2014 12:00:00 AM,0,-118.296363328,34.7274259010001
5822,S9249,Summer Solar C2 LLC,0,S-Power (Sustainable Power Group),Los Angeles,1.5,Unit 1,SUN,6/26/2014 12:00:00 AM,0,-118.292037311,34.724456644
5823,S9250,Summer Solar D2 LLC,0,S-Power (Sustainable Power Group),Los Angeles,1.5,Unit 1,SUN,6/26/2014 12:00:00 AM,0,-118.292593529,34.725327244
5824,S9251,Summer North Solar 6.5,0,S-Power (Sustainable Power Group),Los Angeles,6.5,Unit 1,SUN,12/19/2014 12:00:00 AM,0,-118.302926158,34.729185441
5825,S9252,Summer Solar F2 LLC,0,Not Available,Los Angeles,1.5,Unit 1,SUN,12/31/2014 12:00:00 AM,0,-118.29589084,34.7236767260001
5826,S9253,Summer Solar G2 LLC,0,Not Available,Los Angeles,1.5,Unit 1,SUN,12/31/2014 12:00:00 AM,0,-118.295748232,34.7203556920001
5827,S9254,Summer Solar H2 LLC,0,Not Available,Los Angeles,1.5,Unit 1,SUN,12/31/2014 12:00:00 AM,0,-118.300501826,34.7236376560001
5828,S9259,Voyager Solar 1  LLC,0,Not Available,Los Angeles,1.5,Unit 1,SUN,12/31/2014 12:00:00 AM,0,-118.163057195,34.644455242
5829,S9260,Voyager Solar 2  LLC,0,Not Available,Los Angeles,1.5,Unit 1,SUN,12/31/2014 12:00:00 AM,0,-118.161170633,34.644449034
5830,S9261,Voyager Solar 3  LLC,0,Not Available,Los Angeles,1,Unit 1,SUN,12/31/2014 12:00:00 AM,0,-118.16297638,34.643018936
5831,S9263,Western Antelope Dry Ranch,0,S-Power (Sustainable Power Group),Los Angeles,10,Unit 1,SUN,12/1/2016 12:00:00 AM,0,-118.320746977,34.6861860760001
5832,S9413,Lancaster Dry Farm Ranch B,0,S-Power (Sustainable Power Group),Los Angeles,5,Unit 1,SUN,12/18/2014 12:00:00 AM,0,-118.292359999,34.717391423
5833,W0466,CDCR-LAC,0,Not Available,Los Angeles,1.85,WPRS 1,WND,1/1/2018 12:00:00 AM,0,-118.23369395,34.6953673020001
5834,S0698,San Pablo Raceway,0,S-Power (Sustainable Power Group),Los Angeles,100,Unit 1,SUN,8/3/2019 12:00:00 AM,0,-118.289198077,34.7181408540001
5835,S0716,Antelope Expansion 3A,0,S-Power (Sustainable Power Group),Los Angeles,15,Unit 1,SUN,6/22/2021 12:00:00 AM,0,-118.324239698,34.725942565
5836,S0717,Antelope Expansion 3B,0,S-Power (Sustainable Power Group),Los Angeles,5,Unit 1,SUN,6/22/2021 12:00:00 AM,0,-118.324380052,34.7259514960001
5837,S0226,L-8 Solar Project,0,West Hills Construction Inc,Los Angeles,1.5,1,SUN,5/17/2012 12:00:00 AM,0,-117.973226537,34.6551389140001
5838,S0338,Oasis Solar,0,Clearway Energy,Los Angeles,20,1,SUN,1/19/2016 12:00:00 AM,0,-118.077337197,34.6499708590001
5839,S0435,Morgan Lancaster I LLC,0,"Coronal Lost Hills, LLC",Los Angeles,1.5,Unit 1,SUN,12/19/2015 12:00:00 AM,0,-118.08752255,34.6650212430001
5840,S0624,US-TOPCO: Division Site 3 45404,0,Tesla Inc.,Los Angeles,1,9351022-CA,SUN,6/24/2014 12:00:00 AM,0,-118.12925767,34.7083393300001
5841,S0625,US-TOPCO: Division Site 3 45406,0,Tesla Inc.,Los Angeles,1,9351023-CA,SUN,6/24/2014 12:00:00 AM,0,-118.129383305,34.7078367880001
5842,S0626,US-TOPCO: Kettering Site 1,0,Tesla Inc.,Los Angeles,1,9351024-CA,SUN,7/17/2014 12:00:00 AM,0,-118.124907671,34.7014909660001
5843,S0628,US-TOPCO: Soccer Center,0,Tesla Inc.,Los Angeles,3.3,9353058-CA,SUN,8/10/2017 12:00:00 AM,0,-118.087938945,34.66152084
5844,S0666,Green Beanworks B,0,S-Power (Sustainable Power Group),Los Angeles,3,Unit 1,SUN,12/28/2018 12:00:00 AM,0,-117.989612802,34.6883300590001
5845,S0668,Green Beanworks D,0,S-Power (Sustainable Power Group),Los Angeles,3,Unit 1,SUN,8/24/2018 12:00:00 AM,0,-118.081299836,34.655400689
5846,S0670,Lancaster Solar,0,Not Available,Los Angeles,5.5,Unit 1,SUN,4/11/2017 12:00:00 AM,0,-118.140164472,34.6685331850001
5847,S0671,Oasis Solar,0,Not Available,Riverside,13.5,Unit 1,SUN,3/16/2016 12:00:00 AM,0,-118.07741041,34.6478470540001
5848,S0117,Sierra SunTower- Retired 12/31/14,1,eSolar Inc,Los Angeles,0,Unit 1,SUN,7/22/2009 12:00:00 AM,0,-118.13855869,34.731386484
5849,S9212,Annie Power  LLC,0,Not Available,Los Angeles,1.5,Unit 1,SUN,12/31/2014 12:00:00 AM,0,-118.051894803,34.6508960620001
5850,S9214,Becca Solar  LLC,0,Not Available,Los Angeles,1.5,Unit 1,SUN,12/31/2014 12:00:00 AM,0,-118.060924978,34.669204246
5851,S9216,Central Antelope Dry Ranch B2 LLC,0,Silicon Ranch Corporation,Los Angeles,3,Unit 1,SUN,12/31/2014 12:00:00 AM,0,-118.12983043,34.7026915450001
5852,S9222,Dreamer Solar  LLC,0,Not Available,Los Angeles,1.5,Unit 1,SUN,12/31/2014 12:00:00 AM,0,-118.062507424,34.6962090660001
5853,S9227,JRam Solar 1  LLC,0,Not Available,Los Angeles,1.5,Unit 1,SUN,12/31/2014 12:00:00 AM,0,-118.060467627,34.647350805
5854,S9228,JRam Solar 2  LLC,0,Not Available,Los Angeles,1.5,Unit 1,SUN,12/31/2014 12:00:00 AM,0,-118.060515258,34.6490146720001
5855,S9229,JRam Solar 3  LLC,0,Not Available,Los Angeles,1,Unit 1,SUN,12/31/2014 12:00:00 AM,0,-118.062561914,34.649093732
5856,S9233,Lancaster Solar 1 LLC,0,Clenera - Renewable Energy,Los Angeles,1.5,Unit 1,SUN,12/12/2014 12:00:00 AM,0,-118.094286621,34.7150041140001
5857,S9234,Lancaster Solar 2 LLC,0,Clenera - Renewable Energy,Los Angeles,1.5,Unit 1,SUN,12/12/2014 12:00:00 AM,0,-118.103932427,34.6831746230001
5858,S9235,Leolani Solar 1  LLC,0,Not Available,Los Angeles,1.5,Unit 1,SUN,12/31/2014 12:00:00 AM,0,-118.072421937,34.6644481230001
5859,S9255,Treen Solar 1  LLC,0,Not Available,Los Angeles,1,Unit 1,SUN,12/31/2014 12:00:00 AM,0,-118.051096181,34.6546277730001
5860,S9256,Treen Solar 2  LLC,0,Not Available,Los Angeles,1,Unit 1,SUN,12/31/2014 12:00:00 AM,0,-118.051161547,34.6564296120001
5861,S0589,Little Rock Pham Solar,0,Not Available,Los Angeles,3,Unit 1,SUN,3/22/2016 12:00:00 AM,0,-117.949774172,34.599874642
5862,S0163,SEPV 1 (Gestamp - GASNA),0,X-Elio North America Inc.,Los Angeles,2,1,SUN,4/23/2012 12:00:00 AM,0,-117.936567636,34.6134900860001
5863,S0415,SEPV Palmdale East LLC,0,S-Power (Sustainable Power Group),Los Angeles,10,PLMD,SUN,7/31/2015 12:00:00 AM,0,-117.941094129,34.6119879670001
5864,S0557,SEPV 18 - Palmdale 18,0,S-Power (Sustainable Power Group),Los Angeles,1.5,Unit 1,SUN,1/4/2016 12:00:00 AM,0,-117.939321554,34.6193869410001
5865,S0641,One Ten Partners,0,Not Available,Los Angeles,2,Unit 1,SUN,9/30/2017 12:00:00 AM,0,-117.939360082,34.6178312440001
5866,S0667,Green Beanworks C,0,S-Power (Sustainable Power Group),Los Angeles,3,Unit 1,SUN,8/18/2018 12:00:00 AM,0,-117.931829183,34.5971473810001
5867,S9236,Leolani Solar 2  LLC,0,Not Available,Los Angeles,1,Unit 1,SUN,12/31/2014 12:00:00 AM,0,-117.935266247,34.5731443990001
5868,S9415,Lancaster Little Rock C Solar PV,0,S-Power (Sustainable Power Group),Los Angeles,5,Unit 1,SUN,12/15/2014 12:00:00 AM,0,-117.940304729,34.6027057520001
5869,S0293,Watts,0,Not Available,San Bernardino,3,1,SUN,1/1/2014 12:00:00 AM,0,-117.643484953,34.6014583800001
5870,S0373,Bolthouse Farms - S&P,0,EDP Renewables North America LLC,Kern,1,1,SUN,10/30/2008 12:00:00 AM,0,-117.69439961,34.5645090370001
5871,S0218,Adelanto Solar Power Project,0,Los Angeles Department of Water & Power (LADWP),San Bernardino,10,1,SUN,6/1/2012 12:00:00 AM,0,-117.438138951,34.547904267
5872,S9277,Industry Solar Power Generation Station 1,0,S-Power (Sustainable Power Group),San Bernardino,1.5,ISP1,SUN,12/1/2013 12:00:00 AM,0,-117.456864365,34.5530584090001
5873,S9282,Toro Power 1  LLC,0,Not Available,San Bernardino,1.5,Unit 1,SUN,12/31/2014 12:00:00 AM,0,-117.490804396,34.5911678410001
5874,S9284,Toro Power 2  LLC,0,Not Available,San Bernardino,1,Unit 1,SUN,12/31/2014 12:00:00 AM,0,-117.490804396,34.5911678410001
5875,S0299,Expressway Solar A,0,S-Power (Sustainable Power Group),San Bernardino,2,A,SUN,4/30/2014 12:00:00 AM,0,-117.342429583,34.5825232510001
5876,S0333,Alamo Solar LLC,0,Onward Energy,San Bernardino,20,1,SUN,4/17/2015 12:00:00 AM,0,-117.342716117,34.690750291
5877,S0410,Adelanto Solar I,0,Adelanto Solar LLC,San Bernardino,20,SAS1,SUN,9/10/2015 12:00:00 AM,0,-117.369724842,34.5553464880001
5878,S0411,Adelanto Solar II,0,Adelanto Solar LLC,San Bernardino,7,SAS2,SUN,7/15/2015 12:00:00 AM,0,-117.376759227,34.555258386
5879,S0413,Expressway Solar B,0,S-Power (Sustainable Power Group),San Bernardino,2,EXSB,SUN,5/1/2014 12:00:00 AM,0,-117.341892216,34.583340547
5880,S9276,Expressway Solar C2,0,S-Power (Sustainable Power Group),San Bernardino,1.5,EXSC2,SUN,11/1/2014 12:00:00 AM,0,-117.342543845,34.5846748810001
5881,S9278,Navajo Solar Power Generation Station 1,0,S-Power (Sustainable Power Group),San Bernardino,1.5,Unit 1,SUN,12/1/2013 12:00:00 AM,0,-117.192785212,34.5507409090001
5882,S9280,Otoe Solar Power Generation Station 1,0,S-Power (Sustainable Power Group),San Bernardino,1.5,Unit 1,SUN,12/1/2013 12:00:00 AM,0,-117.192717864,34.544554067
5883,C0019,TXI Riverside Cement Power House (Shutdown March 2008),1,TXI Riverside Cement,San Bernardino,0,"GEN1, GEN2",BIT,12/1/1954 12:00:00 AM,0,-117.336451689,34.6038991820001
5884,G0778,High Desert Power Project,0,High Desert Power Project LLC,San Bernardino,854.9,"CTG1, CTG2, CTG3, ST",NG,1/11/2003 12:00:00 AM,1,-117.364341982,34.5950293940001
5885,W0404,Cemex River Plant,0,Foundation Windpower,San Bernardino,3.24,WPRS 1,WND,12/1/2012 12:00:00 AM,0,-117.307256064,34.561975451
5886,S0725,High Desert Solar,0,MN8 Energy,San Bernardino,100,Unit 1,SUN,12/17/2021 12:00:00 AM,0,-117.37400302,34.630305241
5887,W0403,Cemex BMQ,0,Foundation Windpower,San Bernardino,3,WPRS 1,WND,11/1/2012 12:00:00 AM,0,-117.112941098,34.623341607
5888,S9293,Pristine Sun Fund 7 San Luis Obispo PGE LLC_(2052_Cossa),0,Not Available,San Luis Obispo,1.5,Unit 1,SUN,12/31/2013 12:00:00 AM,0,-120.437252973,34.914778746
5889,S0617,Cuyama Solar,0,D. E. Shaw,Santa Barbara,43.83,Unit 1,SUN,12/1/2017 12:00:00 AM,0,-119.597688994,34.9014358050001
5890,H0058,Alamo,0,California Department of Water Resources,Los Angeles,19.67,1,WAT,7/1/1986 12:00:00 AM,0,-118.685834013,34.815441246
5891,S0639,Gaskell West 1,0,RE Gaskwell West 1 LLC,Los Angeles,20,Unit 1,SUN,3/23/2018 12:00:00 AM,0,-118.54193515,34.836272916
5892,S0237,Alpine Solar,0,"First Solar, Inc",Los Angeles,66,1,SUN,1/18/2013 12:00:00 AM,0,-118.508883384,34.796175792
5893,S0241,Antelope Valley Solar Ranch 1,0,First Solar Electric (California) LLC,Los Angeles,250,1,SUN,4/1/2013 12:00:00 AM,0,-118.425550472,34.780709792
5894,S0252,Solar Star I (MidAmerican),0,"BHE Renewables, LLC",Kern,177,SSI,SUN,10/1/2013 12:00:00 AM,0,-118.408320094,34.824487967
5895,S0253,Solar Star II (MidAmerican),0,"BHE Renewables, LLC",Kern,235,SSII,SUN,10/1/2013 12:00:00 AM,0,-118.348944719,34.852618669
5896,S0334,Catalina Two LLC,0,Onward Energy,Kern,18,1,SUN,5/20/2015 12:00:00 AM,0,-118.346695089,34.836328371
5897,S0531,Garland Solar Facility,0,Southern Power Company,Kern,200,GARS1,SUN,9/26/2016 12:00:00 AM,0,-118.515835221,34.8305218780001
5898,S0536,RE Astoria,0,Recurrent Energy LLC,Kern,100,Unit 1,SUN,6/29/2016 12:00:00 AM,0,-118.456266843,34.8438320180001
5899,S0537,RE Astoria 2,0,Recurrent Energy LLC,Kern,75,Unit 1,SUN,8/26/2016 12:00:00 AM,0,-118.469741307,34.831179924
5900,S0566,Kingbird Solar A,0,CD Arevon USA Inc.,Kern,20.73,Unit 1,SUN,4/30/2016 12:00:00 AM,0,-118.444076751,34.8291001650001
5901,S0567,Kingbird Solar B,0,CD Arevon USA Inc.,Kern,20.73,Unit 1,SUN,4/30/2016 12:00:00 AM,0,-118.419080263,34.82215131
5902,S0569,Rosamond West Solar 1 (Stanford Solar),0,MN8 Energy,Kern,54,M1317,SUN,12/22/2016 12:00:00 AM,0,-118.39253272,34.842572487
5903,S0570,Rosamond West Solar 2 (TID Solar),0,MN8 Energy,Kern,54,M1318,SUN,12/22/2016 12:00:00 AM,0,-118.440101717,34.8233687590001
5904,S0656,Willow Springs Solar,0,D. E. Shaw,Kern,108,Unit 1,SUN,12/21/2018 12:00:00 AM,0,-118.331243649,34.8362193580001
5905,S9206,Rachel Energy  LLC,0,Not Available,Kern,1.5,Unit 1,SUN,12/31/2014 12:00:00 AM,0,-118.358695017,34.925198014
5906,W0367,"Pacific Wind Project, LLC",0,Terra-Gen Operating Company,Kern,143.5,WPRS 1,WND,5/1/1984 12:00:00 AM,0,-118.422509911,34.901295062
5907,S0700,Rosamond Central,0,Clearway Energy,Kern,192,Unit 1,SUN,12/22/2020 12:00:00 AM,0,-118.39382418,34.847061754
5908,S0287,RE Rosamond Two,0,MN8 Energy,Kern,20,1,SUN,12/23/2013 12:00:00 AM,0,-118.243981543,34.904228446
5909,S0288,RE Rosamond One,0,MN8 Energy,Kern,20,Unit 1,SUN,12/1/2013 12:00:00 AM,0,-118.252989694,34.904255392
5910,S0612,Lancaster WAD B,0,S-Power (Sustainable Power Group),Los Angeles,3,Unit 1,SUN,4/21/2017 12:00:00 AM,0,-118.191232571,34.778712012
5911,S0663,Antelope Expansion 2,0,S-Power (Sustainable Power Group),Los Angeles,105,Unit 1,SUN,12/24/2018 12:00:00 AM,0,-118.312808649,34.7540767360001
5912,S9202,Goodbar Solar 1  LLC,0,Not Available,Kern,1.5,Unit 1,SUN,12/31/2014 12:00:00 AM,0,-118.251863242,34.8715688550001
5913,S9203,Josh Energy  LLC,0,Not Available,Kern,1.5,Unit 1,SUN,12/31/2014 12:00:00 AM,0,-118.233057129,34.834364067
5914,S9205,MJ Power  LLC,0,Not Available,Kern,1.5,Unit 1,SUN,12/31/2014 12:00:00 AM,0,-118.251870373,34.871672205
5915,S9275,Cami Solar  LLC,0,Not Available,San Bernardino,1.5,Unit 1,SUN,12/31/2014 12:00:00 AM,0,-117.339353908,34.7410107150001
5916,S0545,LongBoat Solar,0,Deriva Energy,San Bernardino,20,PV1,SUN,12/1/2016 12:00:00 AM,0,-117.102378218,34.9057242710001
5917,G0767,Coolwater Generating Station (Retired 1/15/2015),1,GenOn Holdings Inc.,San Bernardino,0,"CLW-1, CLW-2, CLW-3-CT1, CLW-3-CT2, CLW-3-ST, CLW-4-CT1, CLW-4-CT2, CLW-4-ST",NG,6/15/1961 12:00:00 AM,0,-116.853581599,34.860052206
5918,S0590,Sunray 2 (formerly SEGS I),0,Stellar Power Renewable LLC,San Bernardino,20,W466,SUN,5/31/2017 12:00:00 AM,0,-116.831583026,34.863649321
5919,S0591,Sunray 3 (formerly SEGS II),0,Stellar Power Renewable LLC,San Bernardino,13.8,W465,SUN,6/12/2017 12:00:00 AM,0,-116.827854179,34.8665043610001
5920,S0069,SEGS I  - Retired 12/31/2015,1,Sunray Energy Inc,San Bernardino,0,UNIT 1,SUN,12/1/1984 12:00:00 AM,0,-116.827971367,34.8687770350001
5921,S0070,SEGS II - Retired 12/31/2015,1,Sunray Energy Inc,San Bernardino,0,Unit 1,SUN,12/1/1985 12:00:00 AM,0,-116.82511283,34.8628401870001
5922,S9279,Newberry Solar 1 LLC,0,Not Available,San Bernardino,1.5,Unit 1,SUN,7/11/2013 12:00:00 AM,0,-116.684423215,34.85345835
5923,G0056,Santa Maria Cogen Plant (Retired 12/31/2013 per CAISO),1,Wellhead Services Inc,Santa Barbara,0,GEN 1,NG,6/1/1989 12:00:00 AM,0,-120.457958159,34.9442255870001
5924,E0228,Santa Maria II Landfill,0,J&A Santa Maria,Santa Barbara,1.4,1,LFG,9/12/2010 12:00:00 AM,0,-120.413925679,34.9502853130001
5925,E0260,Marian Medical Center Hospital (Santa Maria Landfill I),0,J&A Santa Maria,Santa Barbara,2.84,"Unit 1, Unit 2, Unit 3",LFG,1/1/2009 12:00:00 AM,0,-120.380311043,34.94961684
